category,symbol,month,max_upside_pct,max_upside_time,max_downside_pct,max_downside_time,candle_count
spot,BTCUSDT,2024-09,2.4388,2024-09-17T14:00:00.000Z,-2.7493,2024-09-04T01:00:00.000Z,720
spot,BTCUSDT,2024-10,3.0154,2024-10-15T13:00:00.000Z,-3.7362,2024-10-15T14:00:00.000Z,744
spot,BTCUSDT,2024-11,3.0994,2024-11-06T02:00:00.000Z,-3.1438,2024-11-01T15:00:00.000Z,720
spot,BTCUSDT,2024-12,4.0248,2024-12-05T02:00:00.000Z,-8.1923,2024-12-05T22:00:00.000Z,744
spot,BTCUSDT,2025-01,7.3658,2025-01-20T06:00:00.000Z,-5.7871,2025-01-20T17:00:00.000Z,744
spot,BTCUSDT,2025-02,3.0138,2025-02-03T15:00:00.000Z,-4.7712,2025-02-03T01:00:00.000Z,672
spot,BTCUSDT,2025-03,5.2068,2025-03-02T16:00:00.000Z,-5.8677,2025-03-07T00:00:00.000Z,744
spot,BTCUSDT,2025-04,5.1249,2025-04-09T17:00:00.000Z,-3.2687,2025-04-10T15:00:00.000Z,720
spot,BTCUSDT,2025-05,2.1654,2025-05-08T15:00:00.000Z,-2.775,2025-05-21T17:00:00.000Z,744
spot,BTCUSDT,2025-06,2.2745,2025-06-23T22:00:00.000Z,-2.3988,2025-06-22T13:00:00.000Z,720
spot,BTCUSDT,2025-07,3.5351,2025-07-10T21:00:00.000Z,-1.9832,2025-07-15T14:00:00.000Z,744
spot,BTCUSDT,2025-08,3.228,2025-08-22T14:00:00.000Z,-3.539,2025-08-24T19:00:00.000Z,744
spot,BTCUSDT,2025-09,2.2914,2025-09-02T13:00:00.000Z,-2.3288,2025-09-05T14:00:00.000Z,720
spot,BTCUSDT,2025-10,3.5965,2025-10-21T14:00:00.000Z,-10.4602,2025-10-10T21:00:00.000Z,744
spot,BTCUSDT,2025-11,2.4471,2025-11-26T17:00:00.000Z,-4.9212,2025-11-21T07:00:00.000Z,720
spot,BTCUSDT,2025-12,2.7878,2025-12-09T15:00:00.000Z,-3.7375,2025-12-01T00:00:00.000Z,744
spot,BTCUSDT,2026-01,2.6673,2026-01-13T22:00:00.000Z,-4.0325,2026-01-31T18:00:00.000Z,744
spot,BTCUSDT,2026-02,3.5579,2026-02-06T01:00:00.000Z,-4.609,2026-02-06T00:00:00.000Z,672
spot,BTCUSDT,2026-03,4.3122,2026-03-23T11:00:00.000Z,-2.5931,2026-03-29T22:00:00.000Z,744
spot,BTCUSDT,2026-04,2.2902,2026-04-07T22:00:00.000Z,-2.4269,2026-04-12T01:00:00.000Z,720
spot,BTCUSDT,2026-05,2.2382,2026-05-04T14:00:00.000Z,-2.1123,2026-05-15T13:00:00.000Z,744
spot,BTCUSDT,2026-06,4.051,2026-06-07T22:00:00.000Z,-5.1034,2026-06-25T13:00:00.000Z,720
spot,BTCUSDT,2026-07,2.4241,2026-07-06T15:00:00.000Z,-1.6407,2026-07-08T08:00:00.000Z,744
spot,BTCUSDT,2026-08,5.7587,2026-08-19T15:00:00.000Z,-2.5482,2026-08-21T09:00:00.000Z,744
spot,ETHUSDT,2024-09,2.6818,2024-09-20T03:00:00.000Z,-3.8181,2024-09-04T01:00:00.000Z,720
spot,ETHUSDT,2024-10,2.9968,2024-10-14T03:00:00.000Z,-4.1043,2024-10-15T14:00:00.000Z,744
spot,ETHUSDT,2024-11,5.4166,2024-11-21T12:00:00.000Z,-4.4025,2024-11-12T10:00:00.000Z,720
spot,ETHUSDT,2024-12,4.8643,2024-12-20T12:00:00.000Z,-7.725,2024-12-09T21:00:00.000Z,744
spot,ETHUSDT,2025-01,5.0034,2025-01-20T06:00:00.000Z,-5.2481,2025-01-20T17:00:00.000Z,744
spot,ETHUSDT,2025-02,4.276,2025-02-03T21:00:00.000Z,-15.8265,2025-02-03T01:00:00.000Z,672
spot,ETHUSDT,2025-03,12.2416,2025-03-02T16:00:00.000Z,-5.9508,2025-03-11T00:00:00.000Z,744
spot,ETHUSDT,2025-04,9.127,2025-04-09T17:00:00.000Z,-8.3395,2025-04-07T06:00:00.000Z,720
spot,ETHUSDT,2025-05,6.0624,2025-05-09T07:00:00.000Z,-5.1663,2025-05-21T17:00:00.000Z,744
spot,ETHUSDT,2025-06,4.1577,2025-06-23T22:00:00.000Z,-6.9142,2025-06-21T21:00:00.000Z,720
spot,ETHUSDT,2025-07,6.5313,2025-07-10T21:00:00.000Z,-2.7693,2025-07-15T14:00:00.000Z,744
spot,ETHUSDT,2025-08,8.3312,2025-08-22T14:00:00.000Z,-4.4266,2025-08-14T12:00:00.000Z,744
spot,ETHUSDT,2025-09,2.7098,2025-09-02T13:00:00.000Z,-4.0415,2025-09-05T14:00:00.000Z,720
spot,ETHUSDT,2025-10,5.7213,2025-10-12T14:00:00.000Z,-12.3315,2025-10-10T21:00:00.000Z,744
spot,ETHUSDT,2025-11,3.1657,2025-11-14T14:00:00.000Z,-4.9107,2025-11-21T07:00:00.000Z,720
spot,ETHUSDT,2025-12,4.4785,2025-12-02T15:00:00.000Z,-5.3928,2025-12-12T15:00:00.000Z,744
spot,ETHUSDT,2026-01,5.3107,2026-01-13T22:00:00.000Z,-6.7249,2026-01-31T18:00:00.000Z,744
spot,ETHUSDT,2026-02,6.3174,2026-02-03T20:00:00.000Z,-5.8349,2026-02-05T15:00:00.000Z,672
spot,ETHUSDT,2026-03,7.314,2026-03-23T11:00:00.000Z,-3.7191,2026-03-21T23:00:00.000Z,744
spot,ETHUSDT,2026-04,4.5647,2026-04-13T22:00:00.000Z,-3.3474,2026-04-12T01:00:00.000Z,720
spot,ETHUSDT,2026-05,3.3439,2026-05-23T20:00:00.000Z,-4.1108,2026-05-17T23:00:00.000Z,744
spot,ETHUSDT,2026-06,5.2941,2026-06-07T22:00:00.000Z,-6.309,2026-06-25T13:00:00.000Z,720
spot,ETHUSDT,2026-07,3.8406,2026-07-14T12:00:00.000Z,-2.5829,2026-07-27T22:00:00.000Z,744
spot,ETHUSDT,2026-08,7.4696,2026-08-19T15:00:00.000Z,-5.1992,2026-08-22T05:00:00.000Z,744
spot,USDCUSDT,2024-09,0.04,2024-09-06T15:00:00.000Z,-0.04,2024-09-06T20:00:00.000Z,720
spot,USDCUSDT,2024-10,0.9193,2024-10-25T18:00:00.000Z,-0.0798,2024-10-25T21:00:00.000Z,744
spot,USDCUSDT,2024-11,0.0901,2024-11-11T03:00:00.000Z,-0.8107,2024-11-29T20:00:00.000Z,720
spot,USDCUSDT,2024-12,1.9694,2024-12-15T05:00:00.000Z,-0.1501,2024-12-05T22:00:00.000Z,744
spot,USDCUSDT,2025-01,0.4592,2025-01-20T01:00:00.000Z,-0.0599,2025-01-21T16:00:00.000Z,744
spot,USDCUSDT,2025-02,1.0301,2025-02-21T16:00:00.000Z,-0.1397,2025-02-21T23:00:00.000Z,672
spot,USDCUSDT,2025-03,0.07,2025-03-20T10:00:00.000Z,-0.13,2025-03-19T19:00:00.000Z,744
spot,USDCUSDT,2025-04,0.06,2025-04-07T06:00:00.000Z,-0.04,2025-04-22T15:00:00.000Z,720
spot,USDCUSDT,2025-05,0.02,2025-05-21T23:00:00.000Z,-0.1,2025-05-11T10:00:00.000Z,744
spot,USDCUSDT,2025-06,0.03,2025-06-23T20:00:00.000Z,-0.04,2025-06-13T00:00:00.000Z,720
spot,USDCUSDT,2025-07,0.05,2025-07-10T21:00:00.000Z,-0.9505,2025-07-02T16:00:00.000Z,744
spot,USDCUSDT,2025-08,0.03,2025-08-21T01:00:00.000Z,-0.03,2025-08-14T14:00:00.000Z,744
spot,USDCUSDT,2025-09,0.04,2025-09-12T20:00:00.000Z,-0.06,2025-09-22T06:00:00.000Z,720
spot,USDCUSDT,2025-10,0.261,2025-10-10T23:00:00.000Z,-0.8503,2025-10-10T21:00:00.000Z,744
spot,USDCUSDT,2025-11,0.5,2025-11-10T06:00:00.000Z,-0.03,2025-11-03T01:00:00.000Z,720
spot,USDCUSDT,2025-12,0.03,2025-12-31T20:00:00.000Z,-0.03,2025-12-30T15:00:00.000Z,744
spot,USDCUSDT,2026-01,0.4895,2026-01-27T13:00:00.000Z,-0.04,2026-01-26T15:00:00.000Z,744
spot,USDCUSDT,2026-02,0.0499,2026-02-06T00:00:00.000Z,-0.05,2026-02-06T14:00:00.000Z,672
spot,USDCUSDT,2026-03,0.4999,2026-03-27T14:00:00.000Z,-0.03,2026-03-02T15:00:00.000Z,744
spot,USDCUSDT,2026-04,0.03,2026-04-14T15:00:00.000Z,-0.03,2026-04-14T13:00:00.000Z,720
spot,USDCUSDT,2026-05,0.1699,2026-05-15T22:00:00.000Z,-0.03,2026-05-28T17:00:00.000Z,744
spot,USDCUSDT,2026-06,0.05,2026-06-04T08:00:00.000Z,-0.04,2026-06-12T14:00:00.000Z,720
spot,USDCUSDT,2026-07,0.06,2026-07-13T22:00:00.000Z,-0.04,2026-07-01T14:00:00.000Z,744
spot,USDCUSDT,2026-08,0.03,2026-08-19T21:00:00.000Z,-0.03,2026-08-24T05:00:00.000Z,744
spot,XRPUSDT,2024-09,9.5495,2024-09-12T12:00:00.000Z,-3.6206,2024-09-04T01:00:00.000Z,720
spot,XRPUSDT,2024-10,4.0369,2024-10-01T18:00:00.000Z,-5.8009,2024-10-02T21:00:00.000Z,744
spot,XRPUSDT,2024-11,12.5223,2024-11-12T08:00:00.000Z,-10.337,2024-11-16T15:00:00.000Z,720
spot,XRPUSDT,2024-12,11.7312,2024-12-20T12:00:00.000Z,-16.0613,2024-12-03T13:00:00.000Z,744
spot,XRPUSDT,2025-01,5.7612,2025-01-15T15:00:00.000Z,-9.4795,2025-01-20T17:00:00.000Z,744
spot,XRPUSDT,2025-02,9.3215,2025-02-03T15:00:00.000Z,-17.4093,2025-02-03T01:00:00.000Z,672
spot,XRPUSDT,2025-03,21.7395,2025-03-02T15:00:00.000Z,-8.6853,2025-03-07T00:00:00.000Z,744
spot,XRPUSDT,2025-04,11.8922,2025-04-09T17:00:00.000Z,-8.5398,2025-04-07T06:00:00.000Z,720
spot,XRPUSDT,2025-05,5.957,2025-05-12T12:00:00.000Z,-5.2149,2025-05-12T18:00:00.000Z,744
spot,XRPUSDT,2025-06,4.0776,2025-06-30T19:00:00.000Z,-4.5363,2025-06-21T21:00:00.000Z,720
spot,XRPUSDT,2025-07,5.6485,2025-07-17T21:00:00.000Z,-4.1708,2025-07-23T12:00:00.000Z,744
spot,XRPUSDT,2025-08,7.0511,2025-08-22T14:00:00.000Z,-7.3438,2025-08-14T12:00:00.000Z,744
spot,XRPUSDT,2025-09,2.7944,2025-09-07T14:00:00.000Z,-6.0627,2025-09-22T06:00:00.000Z,720
spot,XRPUSDT,2025-10,5.2022,2025-10-11T02:00:00.000Z,-50.0943,2025-10-10T21:00:00.000Z,744
spot,XRPUSDT,2025-11,4.3579,2025-11-24T17:00:00.000Z,-6.3249,2025-11-21T07:00:00.000Z,720
spot,XRPUSDT,2025-12,3.474,2025-12-02T15:00:00.000Z,-4.5292,2025-12-01T00:00:00.000Z,744
spot,XRPUSDT,2026-01,4.1411,2026-01-21T19:00:00.000Z,-7.3412,2026-01-19T00:00:00.000Z,744
spot,XRPUSDT,2026-02,6.4774,2026-02-05T22:00:00.000Z,-7.9121,2026-02-06T00:00:00.000Z,672
spot,XRPUSDT,2026-03,5.3199,2026-03-23T11:00:00.000Z,-3.7393,2026-03-17T03:00:00.000Z,744
spot,XRPUSDT,2026-04,2.6904,2026-04-07T22:00:00.000Z,-2.5427,2026-04-02T01:00:00.000Z,720
spot,XRPUSDT,2026-05,3.5731,2026-05-14T18:00:00.000Z,-3.3295,2026-05-10T20:00:00.000Z,744
spot,XRPUSDT,2026-06,3.6896,2026-06-07T22:00:00.000Z,-5.8517,2026-06-25T13:00:00.000Z,720
spot,XRPUSDT,2026-07,1.9224,2026-07-06T15:00:00.000Z,-2.0043,2026-07-27T14:00:00.000Z,744
spot,XRPUSDT,2026-08,7.0469,2026-08-22T04:00:00.000Z,-17.4373,2026-08-22T05:00:00.000Z,744
spot,SOLUSDT,2024-09,3.7617,2024-09-09T16:00:00.000Z,-4.3332,2024-09-01T22:00:00.000Z,720
spot,SOLUSDT,2024-10,3.544,2024-10-15T13:00:00.000Z,-4.4964,2024-10-15T14:00:00.000Z,744
spot,SOLUSDT,2024-11,6.6986,2024-11-17T04:00:00.000Z,-4.6594,2024-11-01T15:00:00.000Z,720
spot,SOLUSDT,2024-12,5.4094,2024-12-20T12:00:00.000Z,-8.2445,2024-12-09T21:00:00.000Z,744
spot,SOLUSDT,2025-01,7.5581,2025-01-19T04:00:00.000Z,-9.2173,2025-01-19T21:00:00.000Z,744
spot,SOLUSDT,2025-02,6.8142,2025-02-28T14:00:00.000Z,-11.0943,2025-02-03T01:00:00.000Z,672
spot,SOLUSDT,2025-03,17.8769,2025-03-02T15:00:00.000Z,-7.0675,2025-03-03T14:00:00.000Z,744
spot,SOLUSDT,2025-04,10.52,2025-04-09T17:00:00.000Z,-6.6026,2025-04-07T06:00:00.000Z,720
spot,SOLUSDT,2025-05,4.8363,2025-05-09T10:00:00.000Z,-4.7163,2025-05-23T11:00:00.000Z,744
spot,SOLUSDT,2025-06,5.6958,2025-06-30T15:00:00.000Z,-6.5975,2025-06-13T00:00:00.000Z,720
spot,SOLUSDT,2025-07,2.9743,2025-07-24T14:00:00.000Z,-3.3376,2025-07-23T13:00:00.000Z,744
spot,SOLUSDT,2025-08,7.2514,2025-08-22T14:00:00.000Z,-6.9011,2025-08-14T12:00:00.000Z,744
spot,SOLUSDT,2025-09,3.2077,2025-09-02T13:00:00.000Z,-5.3111,2025-09-22T06:00:00.000Z,720
spot,SOLUSDT,2025-10,5.4576,2025-10-12T14:00:00.000Z,-20.2519,2025-10-10T21:00:00.000Z,744
spot,SOLUSDT,2025-11,3.8177,2025-11-17T14:00:00.000Z,-6.9316,2025-11-21T07:00:00.000Z,720
spot,SOLUSDT,2025-12,5.0384,2025-12-02T15:00:00.000Z,-4.9582,2025-12-18T17:00:00.000Z,744
spot,SOLUSDT,2026-01,3.7729,2026-01-13T22:00:00.000Z,-6.5918,2026-01-31T18:00:00.000Z,744
spot,SOLUSDT,2026-02,5.6549,2026-02-06T01:00:00.000Z,-13.8464,2026-02-06T00:00:00.000Z,672
spot,SOLUSDT,2026-03,6.8316,2026-03-23T11:00:00.000Z,-3.9927,2026-03-29T22:00:00.000Z,744
spot,SOLUSDT,2026-04,2.9776,2026-04-13T22:00:00.000Z,-3.3569,2026-04-12T01:00:00.000Z,720
spot,SOLUSDT,2026-05,2.6113,2026-05-08T17:00:00.000Z,-3.3587,2026-05-23T07:00:00.000Z,744
spot,SOLUSDT,2026-06,5.0905,2026-06-07T22:00:00.000Z,-6.2527,2026-06-25T13:00:00.000Z,720
spot,SOLUSDT,2026-07,3.4222,2026-07-02T10:00:00.000Z,-2.4444,2026-07-27T14:00:00.000Z,744
spot,SOLUSDT,2026-08,6.1279,2026-08-22T04:00:00.000Z,-11.4977,2026-08-22T05:00:00.000Z,744
spot,HYPEUSDT,2025-07,48.8283,2025-07-11T09:00:00.000Z,-4.6137,2025-07-29T14:00:00.000Z,495
spot,HYPEUSDT,2025-08,6.0168,2025-08-22T14:00:00.000Z,-6.661,2025-08-14T12:00:00.000Z,744
spot,HYPEUSDT,2025-09,4.9092,2025-09-24T14:00:00.000Z,-5.1806,2025-09-22T06:00:00.000Z,720
spot,HYPEUSDT,2025-10,9.0008,2025-10-13T06:00:00.000Z,-50.1225,2025-10-10T21:00:00.000Z,744
spot,HYPEUSDT,2025-11,5.6409,2025-11-25T08:00:00.000Z,-8.5249,2025-11-03T15:00:00.000Z,720
spot,HYPEUSDT,2025-12,6.7873,2025-12-17T03:00:00.000Z,-4.9087,2025-12-18T17:00:00.000Z,744
spot,HYPEUSDT,2026-01,7.6819,2026-01-30T18:00:00.000Z,-6.6176,2026-01-19T00:00:00.000Z,744
spot,HYPEUSDT,2026-02,10.7433,2026-02-06T01:00:00.000Z,-5.4695,2026-02-05T12:00:00.000Z,672
spot,HYPEUSDT,2026-03,6.863,2026-03-23T11:00:00.000Z,-4.0557,2026-03-03T08:00:00.000Z,744
spot,HYPEUSDT,2026-04,3.816,2026-04-08T21:00:00.000Z,-3.9073,2026-04-12T01:00:00.000Z,720
spot,HYPEUSDT,2026-05,5.1605,2026-05-29T15:00:00.000Z,-5.9313,2026-05-15T12:00:00.000Z,744
spot,HYPEUSDT,2026-06,5.2545,2026-06-14T21:00:00.000Z,-7.4297,2026-06-25T13:00:00.000Z,720
spot,HYPEUSDT,2026-07,2.5499,2026-07-17T09:00:00.000Z,-3.8705,2026-07-29T19:00:00.000Z,744
spot,HYPEUSDT,2026-08,15.9492,2026-08-19T19:00:00.000Z,-10.5529,2026-08-22T05:00:00.000Z,744
spot,ENAUSDT,2024-09,10.9352,2024-09-26T11:00:00.000Z,-7.2635,2024-09-26T12:00:00.000Z,720
spot,ENAUSDT,2024-10,14.5139,2024-10-11T15:00:00.000Z,-11.3786,2024-10-25T23:00:00.000Z,744
spot,ENAUSDT,2024-11,15.1644,2024-11-13T14:00:00.000Z,-8.0271,2024-11-18T18:00:00.000Z,720
spot,ENAUSDT,2024-12,10.4893,2024-12-14T21:00:00.000Z,-9.9634,2024-12-09T22:00:00.000Z,744
spot,ENAUSDT,2025-01,8.7814,2025-01-20T06:00:00.000Z,-8.8765,2025-01-20T17:00:00.000Z,744
spot,ENAUSDT,2025-02,10.5835,2025-02-25T09:00:00.000Z,-13.4199,2025-02-03T01:00:00.000Z,672
spot,ENAUSDT,2025-03,9.8098,2025-03-02T16:00:00.000Z,-6.4892,2025-03-11T14:00:00.000Z,744
spot,ENAUSDT,2025-04,11.1303,2025-04-09T17:00:00.000Z,-7.9926,2025-04-07T06:00:00.000Z,720
spot,ENAUSDT,2025-05,11.8481,2025-05-13T16:00:00.000Z,-6.9503,2025-05-30T16:00:00.000Z,744
spot,ENAUSDT,2025-06,7.4409,2025-06-10T11:00:00.000Z,-6.973,2025-06-13T00:00:00.000Z,720
spot,ENAUSDT,2025-07,18.2566,2025-07-11T04:00:00.000Z,-7.0038,2025-07-30T21:00:00.000Z,744
spot,ENAUSDT,2025-08,11.933,2025-08-22T14:00:00.000Z,-6.986,2025-08-14T12:00:00.000Z,744
spot,ENAUSDT,2025-09,8.7271,2025-09-09T07:00:00.000Z,-8.1195,2025-09-22T06:00:00.000Z,720
spot,ENAUSDT,2025-10,8.347,2025-10-12T14:00:00.000Z,-71.493,2025-10-10T21:00:00.000Z,744
spot,ENAUSDT,2025-11,5.6317,2025-11-16T23:00:00.000Z,-11.4647,2025-11-21T07:00:00.000Z,720
spot,ENAUSDT,2025-12,7.6673,2025-12-02T15:00:00.000Z,-6.3454,2025-12-18T17:00:00.000Z,744
spot,ENAUSDT,2026-01,6.6958,2026-01-13T22:00:00.000Z,-13.2094,2026-01-19T00:00:00.000Z,744
spot,ENAUSDT,2026-02,5.8563,2026-02-26T09:00:00.000Z,-12.4671,2026-02-06T00:00:00.000Z,672
spot,ENAUSDT,2026-03,5.8761,2026-03-23T11:00:00.000Z,-4.9396,2026-03-29T22:00:00.000Z,744
spot,ENAUSDT,2026-04,5.8743,2026-04-16T15:00:00.000Z,-5.3879,2026-04-12T01:00:00.000Z,720
spot,ENAUSDT,2026-05,4.6769,2026-05-07T11:00:00.000Z,-6.7017,2026-05-10T20:00:00.000Z,744
spot,ENAUSDT,2026-06,12.655,2026-06-02T16:00:00.000Z,-8.0217,2026-06-05T18:00:00.000Z,720
spot,ENAUSDT,2026-07,4.4575,2026-07-26T22:00:00.000Z,-3.9853,2026-07-27T14:00:00.000Z,744
spot,ENAUSDT,2026-08,10.6755,2026-08-21T08:00:00.000Z,-16.2726,2026-08-22T05:00:00.000Z,744
spot,AAVEUSDT,2024-09,10.1352,2024-09-23T03:00:00.000Z,-4.3337,2024-09-11T08:00:00.000Z,720
spot,AAVEUSDT,2024-10,6.2224,2024-10-03T12:00:00.000Z,-6.3003,2024-10-25T23:00:00.000Z,744
spot,AAVEUSDT,2024-11,6.038,2024-11-25T15:00:00.000Z,-5.2305,2024-11-12T10:00:00.000Z,720
spot,AAVEUSDT,2024-12,7.3829,2024-12-12T02:00:00.000Z,-14.1326,2024-12-09T21:00:00.000Z,744
spot,AAVEUSDT,2025-01,9.477,2025-01-20T18:00:00.000Z,-9.5146,2025-01-20T17:00:00.000Z,744
spot,AAVEUSDT,2025-02,6.5866,2025-02-03T03:00:00.000Z,-17.6239,2025-02-03T01:00:00.000Z,672
spot,AAVEUSDT,2025-03,11.5194,2025-03-02T16:00:00.000Z,-6.2725,2025-03-11T00:00:00.000Z,744
spot,AAVEUSDT,2025-04,8.8736,2025-04-09T17:00:00.000Z,-7.2276,2025-04-07T06:00:00.000Z,720
spot,AAVEUSDT,2025-05,5.7587,2025-05-20T01:00:00.000Z,-5.3978,2025-05-23T11:00:00.000Z,744
spot,AAVEUSDT,2025-06,5.5927,2025-06-11T12:00:00.000Z,-6.5759,2025-06-21T21:00:00.000Z,720
spot,AAVEUSDT,2025-07,4.264,2025-07-06T21:00:00.000Z,-3.8456,2025-07-09T20:00:00.000Z,744
spot,AAVEUSDT,2025-08,7.333,2025-08-22T14:00:00.000Z,-5.5227,2025-08-14T12:00:00.000Z,744
spot,AAVEUSDT,2025-09,3.0647,2025-09-02T13:00:00.000Z,-10.8475,2025-09-22T06:00:00.000Z,720
spot,AAVEUSDT,2025-10,8.4262,2025-10-31T19:00:00.000Z,-67.033,2025-10-10T21:00:00.000Z,744
spot,AAVEUSDT,2025-11,7.53,2025-11-02T16:00:00.000Z,-9.4936,2025-11-21T07:00:00.000Z,720
spot,AAVEUSDT,2025-12,5.3651,2025-12-02T15:00:00.000Z,-6.4308,2025-12-21T22:00:00.000Z,744
spot,AAVEUSDT,2026-01,4.3621,2026-01-21T19:00:00.000Z,-7.142,2026-01-19T00:00:00.000Z,744
spot,AAVEUSDT,2026-02,6.0755,2026-02-11T14:00:00.000Z,-8.6888,2026-02-06T00:00:00.000Z,672
spot,AAVEUSDT,2026-03,6.2997,2026-03-23T11:00:00.000Z,-3.4062,2026-03-29T22:00:00.000Z,744
spot,AAVEUSDT,2026-04,5.5883,2026-04-20T20:00:00.000Z,-11.3634,2026-04-18T18:00:00.000Z,720
spot,AAVEUSDT,2026-05,3.5784,2026-05-10T13:00:00.000Z,-4.3959,2026-05-10T20:00:00.000Z,744
spot,AAVEUSDT,2026-06,9.3985,2026-06-25T17:00:00.000Z,-7.0872,2026-06-25T13:00:00.000Z,720
spot,AAVEUSDT,2026-07,4.1841,2026-07-06T13:00:00.000Z,-2.5971,2026-07-07T19:00:00.000Z,744
spot,AAVEUSDT,2026-08,6.2881,2026-08-21T20:00:00.000Z,-12.143,2026-08-22T05:00:00.000Z,744
spot,LINKUSDT,2024-09,3.0547,2024-09-18T18:00:00.000Z,-3.7436,2024-09-01T22:00:00.000Z,720
spot,LINKUSDT,2024-10,3.6338,2024-10-14T03:00:00.000Z,-6.0043,2024-10-25T23:00:00.000Z,744
spot,LINKUSDT,2024-11,5.5857,2024-11-18T16:00:00.000Z,-5.8204,2024-11-12T10:00:00.000Z,720
spot,LINKUSDT,2024-12,9.7255,2024-12-02T09:00:00.000Z,-13.8541,2024-12-09T21:00:00.000Z,744
spot,LINKUSDT,2025-01,9.6312,2025-01-19T14:00:00.000Z,-8.946,2025-01-20T17:00:00.000Z,744
spot,LINKUSDT,2025-02,7.229,2025-02-03T15:00:00.000Z,-16.4067,2025-02-03T01:00:00.000Z,672
spot,LINKUSDT,2025-03,10.8388,2025-03-02T16:00:00.000Z,-6.9168,2025-03-07T00:00:00.000Z,744
spot,LINKUSDT,2025-04,9.5403,2025-04-09T17:00:00.000Z,-7.5868,2025-04-07T06:00:00.000Z,720
spot,LINKUSDT,2025-05,3.8128,2025-05-12T07:00:00.000Z,-5.7846,2025-05-30T00:00:00.000Z,744
spot,LINKUSDT,2025-06,4.4434,2025-06-23T22:00:00.000Z,-6.0801,2025-06-13T00:00:00.000Z,720
spot,LINKUSDT,2025-07,3.7654,2025-07-24T14:00:00.000Z,-3.7363,2025-07-23T13:00:00.000Z,744
spot,LINKUSDT,2025-08,8.3219,2025-08-22T14:00:00.000Z,-8.0475,2025-08-14T12:00:00.000Z,744
spot,LINKUSDT,2025-09,3.4821,2025-09-02T13:00:00.000Z,-7.0968,2025-09-22T06:00:00.000Z,720
spot,LINKUSDT,2025-10,9.2382,2025-10-10T23:00:00.000Z,-59.4262,2025-10-10T21:00:00.000Z,744
spot,LINKUSDT,2025-11,4.0816,2025-11-17T14:00:00.000Z,-11.0362,2025-11-03T15:00:00.000Z,720
spot,LINKUSDT,2025-12,5.5862,2025-12-02T15:00:00.000Z,-5.5598,2025-12-01T00:00:00.000Z,744
spot,LINKUSDT,2026-01,4.1288,2026-01-21T19:00:00.000Z,-7.2126,2026-01-19T00:00:00.000Z,744
spot,LINKUSDT,2026-02,4.7201,2026-02-03T19:00:00.000Z,-9.4817,2026-02-06T00:00:00.000Z,672
spot,LINKUSDT,2026-03,6.9364,2026-03-23T11:00:00.000Z,-3.4141,2026-03-21T23:00:00.000Z,744
spot,LINKUSDT,2026-04,3.9436,2026-04-13T22:00:00.000Z,-3.577,2026-04-02T01:00:00.000Z,720
spot,LINKUSDT,2026-05,3.7644,2026-05-23T20:00:00.000Z,-3.7003,2026-05-10T20:00:00.000Z,744
spot,LINKUSDT,2026-06,4.7296,2026-06-07T22:00:00.000Z,-5.9329,2026-06-25T13:00:00.000Z,720
spot,LINKUSDT,2026-07,2.703,2026-07-14T12:00:00.000Z,-2.6469,2026-07-27T14:00:00.000Z,744
spot,LINKUSDT,2026-08,7.9636,2026-08-21T07:00:00.000Z,-12.2177,2026-08-22T05:00:00.000Z,744
spot,DOGEUSDT,2024-09,5.9763,2024-09-09T16:00:00.000Z,-4.3492,2024-09-01T22:00:00.000Z,720
spot,DOGEUSDT,2024-10,6.0257,2024-10-19T01:00:00.000Z,-6.2792,2024-10-01T17:00:00.000Z,744
spot,DOGEUSDT,2024-11,12.6197,2024-11-06T02:00:00.000Z,-14.3621,2024-11-12T10:00:00.000Z,720
spot,DOGEUSDT,2024-12,9.9005,2024-12-20T12:00:00.000Z,-11.3952,2024-12-19T17:00:00.000Z,744
spot,DOGEUSDT,2025-01,16.1368,2025-01-21T11:00:00.000Z,-7.1036,2025-01-20T17:00:00.000Z,744
spot,DOGEUSDT,2025-02,6.6397,2025-02-03T05:00:00.000Z,-14.5191,2025-02-03T01:00:00.000Z,672
spot,DOGEUSDT,2025-03,10.7123,2025-03-02T16:00:00.000Z,-7.4043,2025-03-11T00:00:00.000Z,744
spot,DOGEUSDT,2025-04,8.4799,2025-04-09T17:00:00.000Z,-7.949,2025-04-07T06:00:00.000Z,720
spot,DOGEUSDT,2025-05,6.014,2025-05-09T07:00:00.000Z,-6.6173,2025-05-30T00:00:00.000Z,744
spot,DOGEUSDT,2025-06,5.035,2025-06-09T21:00:00.000Z,-5.831,2025-06-13T00:00:00.000Z,720
spot,DOGEUSDT,2025-07,5.5903,2025-07-20T16:00:00.000Z,-3.8138,2025-07-24T05:00:00.000Z,744
spot,DOGEUSDT,2025-08,8.8839,2025-08-22T14:00:00.000Z,-10.3387,2025-08-14T12:00:00.000Z,744
spot,DOGEUSDT,2025-09,4.5959,2025-09-13T09:00:00.000Z,-5.694,2025-09-22T06:00:00.000Z,720
spot,DOGEUSDT,2025-10,6.9942,2025-10-12T14:00:00.000Z,-57.7606,2025-10-10T21:00:00.000Z,744
spot,DOGEUSDT,2025-11,3.9023,2025-11-17T14:00:00.000Z,-8.9305,2025-11-03T15:00:00.000Z,720
spot,DOGEUSDT,2025-12,4.2748,2025-12-02T15:00:00.000Z,-5.6734,2025-12-18T17:00:00.000Z,744
spot,DOGEUSDT,2026-01,5.5569,2026-01-01T15:00:00.000Z,-8.8423,2026-01-19T00:00:00.000Z,744
spot,DOGEUSDT,2026-02,4.4218,2026-02-03T15:00:00.000Z,-9.6249,2026-02-06T00:00:00.000Z,672
spot,DOGEUSDT,2026-03,5.9882,2026-03-23T11:00:00.000Z,-3.7438,2026-03-29T22:00:00.000Z,744
spot,DOGEUSDT,2026-04,6.1759,2026-04-29T09:00:00.000Z,-2.9452,2026-04-29T12:00:00.000Z,720
spot,DOGEUSDT,2026-05,3.8627,2026-05-04T01:00:00.000Z,-4.1318,2026-05-10T20:00:00.000Z,744
spot,DOGEUSDT,2026-06,6.3103,2026-06-12T14:00:00.000Z,-6.061,2026-06-25T13:00:00.000Z,720
spot,DOGEUSDT,2026-07,1.9799,2026-07-13T00:00:00.000Z,-2.6117,2026-07-27T14:00:00.000Z,744
spot,DOGEUSDT,2026-08,5.4034,2026-08-22T04:00:00.000Z,-16.3421,2026-08-22T05:00:00.000Z,744
spot,LITUSDT,2026-01,112.6923,2026-01-15T14:00:00.000Z,-9.2673,2026-01-15T15:00:00.000Z,394
spot,LITUSDT,2026-02,9.2199,2026-02-06T01:00:00.000Z,-9.4077,2026-02-25T08:00:00.000Z,672
spot,LITUSDT,2026-03,6.0636,2026-03-09T21:00:00.000Z,-5.3053,2026-03-22T18:00:00.000Z,744
spot,LITUSDT,2026-04,7.4977,2026-04-03T07:00:00.000Z,-7.2765,2026-04-13T15:00:00.000Z,720
spot,LITUSDT,2026-05,8.6079,2026-05-29T15:00:00.000Z,-7.491,2026-05-26T00:00:00.000Z,744
spot,LITUSDT,2026-06,9.7487,2026-06-02T16:00:00.000Z,-7.3358,2026-06-05T15:00:00.000Z,720
spot,LITUSDT,2026-07,8.4279,2026-07-01T19:00:00.000Z,-8.1913,2026-07-01T18:00:00.000Z,744
spot,LITUSDT,2026-08,10.7945,2026-08-19T19:00:00.000Z,-15.8966,2026-08-22T05:00:00.000Z,744
spot,SUIUSDT,2024-09,8.2779,2024-09-18T18:00:00.000Z,-5.741,2024-09-26T23:00:00.000Z,720
spot,SUIUSDT,2024-10,7.9666,2024-10-07T14:00:00.000Z,-11.1494,2024-10-25T23:00:00.000Z,744
spot,SUIUSDT,2024-11,10.4119,2024-11-09T22:00:00.000Z,-5.7199,2024-11-24T12:00:00.000Z,720
spot,SUIUSDT,2024-12,11.5525,2024-12-20T13:00:00.000Z,-13.2832,2024-12-09T21:00:00.000Z,744
spot,SUIUSDT,2025-01,7.3962,2025-01-15T13:00:00.000Z,-7.4653,2025-01-20T17:00:00.000Z,744
spot,SUIUSDT,2025-02,12.386,2025-02-03T15:00:00.000Z,-21.5463,2025-02-03T01:00:00.000Z,672
spot,SUIUSDT,2025-03,12.243,2025-03-06T14:00:00.000Z,-6.3642,2025-03-07T00:00:00.000Z,744
spot,SUIUSDT,2025-04,13.6547,2025-04-09T17:00:00.000Z,-7.8335,2025-04-07T06:00:00.000Z,720
spot,SUIUSDT,2025-05,5.864,2025-05-06T22:00:00.000Z,-5.8243,2025-05-23T11:00:00.000Z,744
spot,SUIUSDT,2025-06,5.673,2025-06-23T22:00:00.000Z,-7.8661,2025-06-13T00:00:00.000Z,720
spot,SUIUSDT,2025-07,5.1198,2025-07-14T00:00:00.000Z,-4.5437,2025-07-23T13:00:00.000Z,744
spot,SUIUSDT,2025-08,8.0105,2025-08-22T14:00:00.000Z,-6.9278,2025-08-14T12:00:00.000Z,744
spot,SUIUSDT,2025-09,3.596,2025-09-09T06:00:00.000Z,-5.4312,2025-09-22T06:00:00.000Z,720
spot,SUIUSDT,2025-10,8.9403,2025-10-11T02:00:00.000Z,-81.1443,2025-10-10T21:00:00.000Z,744
spot,SUIUSDT,2025-11,6.5172,2025-11-25T23:00:00.000Z,-10.5935,2025-11-21T07:00:00.000Z,720
spot,SUIUSDT,2025-12,10.0968,2025-12-02T15:00:00.000Z,-7.735,2025-12-01T00:00:00.000Z,744
spot,SUIUSDT,2026-01,5.2097,2026-01-14T16:00:00.000Z,-10.5403,2026-01-19T00:00:00.000Z,744
spot,SUIUSDT,2026-02,5.5979,2026-02-03T19:00:00.000Z,-10.7135,2026-02-06T00:00:00.000Z,672
spot,SUIUSDT,2026-03,7.1025,2026-03-23T11:00:00.000Z,-4.8633,2026-03-28T23:00:00.000Z,744
spot,SUIUSDT,2026-04,4.3664,2026-04-07T22:00:00.000Z,-3.6773,2026-04-12T01:00:00.000Z,720
spot,SUIUSDT,2026-05,7.1447,2026-05-10T15:00:00.000Z,-5.9359,2026-05-31T14:00:00.000Z,744
spot,SUIUSDT,2026-06,5.6397,2026-06-07T22:00:00.000Z,-5.9266,2026-06-25T13:00:00.000Z,720
spot,SUIUSDT,2026-07,2.6709,2026-07-14T12:00:00.000Z,-3.3243,2026-07-27T22:00:00.000Z,744
spot,SUIUSDT,2026-08,6.0659,2026-08-22T02:00:00.000Z,-18.3745,2026-08-22T05:00:00.000Z,744
spot,NEARUSDT,2024-09,8.1187,2024-09-23T14:00:00.000Z,-4.3674,2024-09-01T22:00:00.000Z,720
spot,NEARUSDT,2024-10,4.9509,2024-10-07T01:00:00.000Z,-9.4532,2024-10-25T23:00:00.000Z,744
spot,NEARUSDT,2024-11,6.2716,2024-11-18T16:00:00.000Z,-7.6527,2024-11-12T10:00:00.000Z,720
spot,NEARUSDT,2024-12,6.6918,2024-12-20T12:00:00.000Z,-13.1563,2024-12-09T21:00:00.000Z,744
spot,NEARUSDT,2025-01,6.6546,2025-01-20T06:00:00.000Z,-7.3838,2025-01-20T17:00:00.000Z,744
spot,NEARUSDT,2025-02,6.9745,2025-02-03T03:00:00.000Z,-18.7283,2025-02-03T01:00:00.000Z,672
spot,NEARUSDT,2025-03,7.1822,2025-03-02T16:00:00.000Z,-6.601,2025-03-04T16:00:00.000Z,744
spot,NEARUSDT,2025-04,10.1031,2025-04-09T17:00:00.000Z,-6.5228,2025-04-07T06:00:00.000Z,720
spot,NEARUSDT,2025-05,4.5827,2025-05-25T22:00:00.000Z,-6.3544,2025-05-30T00:00:00.000Z,744
spot,NEARUSDT,2025-06,4.6618,2025-06-29T22:00:00.000Z,-6.4162,2025-06-13T00:00:00.000Z,720
spot,NEARUSDT,2025-07,4.1605,2025-07-24T14:00:00.000Z,-3.4533,2025-07-29T00:00:00.000Z,744
spot,NEARUSDT,2025-08,6.722,2025-08-22T14:00:00.000Z,-5.9206,2025-08-14T12:00:00.000Z,744
spot,NEARUSDT,2025-09,5.9487,2025-09-23T06:00:00.000Z,-5.2504,2025-09-22T06:00:00.000Z,720
spot,NEARUSDT,2025-10,6.3884,2025-10-11T02:00:00.000Z,-44.2253,2025-10-10T21:00:00.000Z,744
spot,NEARUSDT,2025-11,9.8055,2025-11-07T16:00:00.000Z,-9.4648,2025-11-03T15:00:00.000Z,720
spot,NEARUSDT,2025-12,5.7653,2025-12-26T02:00:00.000Z,-5.9801,2025-12-01T00:00:00.000Z,744
spot,NEARUSDT,2026-01,4.0424,2026-01-21T19:00:00.000Z,-10.9951,2026-01-19T00:00:00.000Z,744
spot,NEARUSDT,2026-02,5.5013,2026-02-03T19:00:00.000Z,-13.7295,2026-02-06T00:00:00.000Z,672
spot,NEARUSDT,2026-03,6.8796,2026-03-02T14:00:00.000Z,-3.7511,2026-03-29T22:00:00.000Z,744
spot,NEARUSDT,2026-04,3.7096,2026-04-07T21:00:00.000Z,-3.7193,2026-04-17T10:00:00.000Z,720
spot,NEARUSDT,2026-05,7.0402,2026-05-26T10:00:00.000Z,-5.52,2026-05-29T21:00:00.000Z,744
spot,NEARUSDT,2026-06,5.6343,2026-06-03T04:00:00.000Z,-6.1045,2026-06-02T15:00:00.000Z,720
spot,NEARUSDT,2026-07,4.7123,2026-07-02T01:00:00.000Z,-3.4171,2026-07-08T01:00:00.000Z,744
spot,NEARUSDT,2026-08,4.3855,2026-08-21T07:00:00.000Z,-21.0996,2026-08-22T05:00:00.000Z,744
spot,ASTERUSDT,2025-09,49.1667,2025-09-21T09:00:00.000Z,-13.047,2025-09-21T16:00:00.000Z,231
spot,ASTERUSDT,2025-10,12.2406,2025-10-11T02:00:00.000Z,-45.1408,2025-10-10T21:00:00.000Z,744
spot,ASTERUSDT,2025-11,31.4372,2025-11-02T14:00:00.000Z,-11.3454,2025-11-03T15:00:00.000Z,720
spot,ASTERUSDT,2025-12,4.8431,2025-12-08T01:00:00.000Z,-6.804,2025-12-15T22:00:00.000Z,744
spot,ASTERUSDT,2026-01,7.3164,2026-01-14T09:00:00.000Z,-21.1988,2026-01-19T00:00:00.000Z,744
spot,ASTERUSDT,2026-02,5.5436,2026-02-06T01:00:00.000Z,-13.7636,2026-02-06T00:00:00.000Z,672
spot,ASTERUSDT,2026-03,6.2148,2026-03-17T13:00:00.000Z,-5.5471,2026-03-24T04:00:00.000Z,744
spot,ASTERUSDT,2026-04,2.8365,2026-04-14T10:00:00.000Z,-4.5084,2026-04-25T16:00:00.000Z,720
spot,ASTERUSDT,2026-05,4.8577,2026-05-21T09:00:00.000Z,-5.0786,2026-05-17T23:00:00.000Z,744
spot,ASTERUSDT,2026-06,13.6391,2026-06-17T12:00:00.000Z,-7.7762,2026-06-05T16:00:00.000Z,720
spot,ASTERUSDT,2026-07,2.2103,2026-07-13T18:00:00.000Z,-2.5934,2026-07-02T14:00:00.000Z,744
spot,ASTERUSDT,2026-08,6.1468,2026-08-21T07:00:00.000Z,-18.6816,2026-08-22T05:00:00.000Z,744
spot,WLDUSDT,2024-09,8.6584,2024-09-25T15:00:00.000Z,-11.2444,2024-09-20T17:00:00.000Z,720
spot,WLDUSDT,2024-10,7.7645,2024-10-15T04:00:00.000Z,-12.3346,2024-10-25T23:00:00.000Z,744
spot,WLDUSDT,2024-11,14.5264,2024-11-12T00:00:00.000Z,-9.2096,2024-11-12T10:00:00.000Z,720
spot,WLDUSDT,2024-12,12.9973,2024-12-05T16:00:00.000Z,-21.4267,2024-12-09T21:00:00.000Z,744
spot,WLDUSDT,2025-01,21.503,2025-01-21T17:00:00.000Z,-8.0871,2025-01-20T17:00:00.000Z,744
spot,WLDUSDT,2025-02,8.6541,2025-02-10T20:00:00.000Z,-21.3563,2025-02-03T01:00:00.000Z,672
spot,WLDUSDT,2025-03,9.4145,2025-03-24T13:00:00.000Z,-9.6674,2025-03-04T16:00:00.000Z,744
spot,WLDUSDT,2025-04,11.0793,2025-04-26T00:00:00.000Z,-7.4313,2025-04-07T06:00:00.000Z,720
spot,WLDUSDT,2025-05,11.3178,2025-05-22T14:00:00.000Z,-8.5355,2025-05-01T02:00:00.000Z,744
spot,WLDUSDT,2025-06,7.5305,2025-06-18T20:00:00.000Z,-6.9133,2025-06-13T00:00:00.000Z,720
spot,WLDUSDT,2025-07,6.462,2025-07-10T21:00:00.000Z,-7.9022,2025-07-11T22:00:00.000Z,744
spot,WLDUSDT,2025-08,7.5443,2025-08-22T14:00:00.000Z,-8.6461,2025-08-14T12:00:00.000Z,744
spot,WLDUSDT,2025-09,23.6111,2025-09-09T00:00:00.000Z,-10.6563,2025-09-09T12:00:00.000Z,720
spot,WLDUSDT,2025-10,13.1953,2025-10-10T22:00:00.000Z,-74.5714,2025-10-10T21:00:00.000Z,744
spot,WLDUSDT,2025-11,6.6258,2025-11-01T07:00:00.000Z,-12.4031,2025-11-21T07:00:00.000Z,720
spot,WLDUSDT,2025-12,8.5526,2025-12-02T15:00:00.000Z,-6.7851,2025-12-01T00:00:00.000Z,744
spot,WLDUSDT,2026-01,23.3217,2026-01-28T21:00:00.000Z,-12.5948,2026-01-19T00:00:00.000Z,744
spot,WLDUSDT,2026-02,6.2718,2026-02-03T19:00:00.000Z,-11.2652,2026-02-06T00:00:00.000Z,672
spot,WLDUSDT,2026-03,6.6828,2026-03-04T15:00:00.000Z,-4.8498,2026-03-29T22:00:00.000Z,744
spot,WLDUSDT,2026-04,5.23,2026-04-10T15:00:00.000Z,-5.4399,2026-04-12T01:00:00.000Z,720
spot,WLDUSDT,2026-05,7.8225,2026-05-30T18:00:00.000Z,-6.9792,2026-05-10T20:00:00.000Z,744
spot,WLDUSDT,2026-06,10.8045,2026-06-03T21:00:00.000Z,-13.734,2026-06-05T02:00:00.000Z,720
spot,WLDUSDT,2026-07,5.8372,2026-07-03T00:00:00.000Z,-7.7509,2026-07-24T21:00:00.000Z,744
spot,WLDUSDT,2026-08,7.8516,2026-08-19T15:00:00.000Z,-21.892,2026-08-22T05:00:00.000Z,744
spot,FLOCKUSDT,2024-12,4553.16,2024-12-31T12:00:00.000Z,-16.9142,2024-12-31T15:00:00.000Z,12
spot,FLOCKUSDT,2025-01,31.5407,2025-01-08T11:00:00.000Z,-13.0122,2025-01-20T17:00:00.000Z,744
spot,FLOCKUSDT,2025-02,20.5872,2025-02-16T21:00:00.000Z,-13.7758,2025-02-03T02:00:00.000Z,672
spot,FLOCKUSDT,2025-03,21.6005,2025-03-12T12:00:00.000Z,-18.4582,2025-03-12T13:00:00.000Z,744
spot,FLOCKUSDT,2025-04,29.41,2025-04-24T12:00:00.000Z,-18.1732,2025-04-25T20:00:00.000Z,720
spot,FLOCKUSDT,2025-05,47.2609,2025-05-30T03:00:00.000Z,-12.5132,2025-05-30T15:00:00.000Z,744
spot,FLOCKUSDT,2025-06,28.4077,2025-06-01T07:00:00.000Z,-12.8218,2025-06-01T09:00:00.000Z,720
spot,FLOCKUSDT,2025-07,9.8708,2025-07-27T15:00:00.000Z,-9.3116,2025-07-23T11:00:00.000Z,744
spot,FLOCKUSDT,2025-08,17.5958,2025-08-25T11:00:00.000Z,-13.9062,2025-08-28T14:00:00.000Z,744
spot,FLOCKUSDT,2025-09,137.6918,2025-09-09T02:00:00.000Z,-29.4053,2025-09-09T03:00:00.000Z,720
spot,FLOCKUSDT,2025-10,9.8462,2025-10-27T03:00:00.000Z,-58.8414,2025-10-10T21:00:00.000Z,744
spot,FLOCKUSDT,2025-11,21.8232,2025-11-22T04:00:00.000Z,-11.8902,2025-11-21T07:00:00.000Z,720
spot,FLOCKUSDT,2025-12,15.0838,2025-12-26T06:00:00.000Z,-10.559,2025-12-26T08:00:00.000Z,744
spot,FLOCKUSDT,2026-01,10.9067,2026-01-23T06:00:00.000Z,-16.6086,2026-01-19T00:00:00.000Z,744
spot,FLOCKUSDT,2026-02,21.2072,2026-02-07T02:00:00.000Z,-6.735,2026-02-24T01:00:00.000Z,672
spot,FLOCKUSDT,2026-03,12.9636,2026-03-17T00:00:00.000Z,-5.2114,2026-03-17T07:00:00.000Z,744
spot,FLOCKUSDT,2026-04,7.9278,2026-04-06T00:00:00.000Z,-4.572,2026-04-20T10:00:00.000Z,720
spot,FLOCKUSDT,2026-05,19.7827,2026-05-07T05:00:00.000Z,-7.8828,2026-05-15T13:00:00.000Z,744
spot,FLOCKUSDT,2026-06,9.526,2026-06-13T13:00:00.000Z,-8.412,2026-06-25T13:00:00.000Z,720
spot,FLOCKUSDT,2026-07,17.8637,2026-07-15T13:00:00.000Z,-7.3702,2026-07-16T10:00:00.000Z,744
spot,FLOCKUSDT,2026-08,23.477,2026-08-31T01:00:00.000Z,-13.0818,2026-08-22T05:00:00.000Z,744
spot,MNTUSDT,2024-09,5.0979,2024-09-22T00:00:00.000Z,-4.1411,2024-09-04T01:00:00.000Z,720
spot,MNTUSDT,2024-10,2.9612,2024-10-14T03:00:00.000Z,-4.3587,2024-10-15T14:00:00.000Z,744
spot,MNTUSDT,2024-11,28.2926,2024-11-09T10:00:00.000Z,-7.8487,2024-11-12T10:00:00.000Z,720
spot,MNTUSDT,2024-12,16.67,2024-12-04T09:00:00.000Z,-15.2229,2024-12-09T21:00:00.000Z,744
spot,MNTUSDT,2025-01,6.3089,2025-01-23T22:00:00.000Z,-5.9124,2025-01-20T17:00:00.000Z,744
spot,MNTUSDT,2025-02,11.0916,2025-02-03T16:00:00.000Z,-18.3634,2025-02-03T01:00:00.000Z,672
spot,MNTUSDT,2025-03,7.0122,2025-03-24T00:00:00.000Z,-3.2957,2025-03-24T18:00:00.000Z,744
spot,MNTUSDT,2025-04,8.3968,2025-04-24T20:00:00.000Z,-4.2981,2025-04-07T06:00:00.000Z,720
spot,MNTUSDT,2025-05,3.571,2025-05-11T12:00:00.000Z,-4.6551,2025-05-30T00:00:00.000Z,744
spot,MNTUSDT,2025-06,3.2993,2025-06-29T22:00:00.000Z,-5.6764,2025-06-29T18:00:00.000Z,720
spot,MNTUSDT,2025-07,4.0708,2025-07-18T02:00:00.000Z,-13.4243,2025-07-18T07:00:00.000Z,744
spot,MNTUSDT,2025-08,11.8411,2025-08-29T10:00:00.000Z,-5.6946,2025-08-14T10:00:00.000Z,744
spot,MNTUSDT,2025-09,9.2023,2025-09-22T06:00:00.000Z,-5.5521,2025-09-11T11:00:00.000Z,720
spot,MNTUSDT,2025-10,11.1619,2025-10-12T14:00:00.000Z,-39.197,2025-10-10T21:00:00.000Z,744
spot,MNTUSDT,2025-11,5.786,2025-11-04T20:00:00.000Z,-14.0945,2025-11-21T07:00:00.000Z,720
spot,MNTUSDT,2025-12,6.6402,2025-12-05T17:00:00.000Z,-6.0688,2025-12-01T00:00:00.000Z,744
spot,MNTUSDT,2026-01,4.0355,2026-01-31T19:00:00.000Z,-9.1581,2026-01-19T00:00:00.000Z,744
spot,MNTUSDT,2026-02,6.03,2026-02-26T08:00:00.000Z,-13.1662,2026-02-06T00:00:00.000Z,672
spot,MNTUSDT,2026-03,10.5227,2026-03-14T12:00:00.000Z,-11.1299,2026-03-18T14:00:00.000Z,744
spot,MNTUSDT,2026-04,3.1514,2026-04-20T17:00:00.000Z,-2.8518,2026-04-19T22:00:00.000Z,720
spot,MNTUSDT,2026-05,3.9847,2026-05-13T20:00:00.000Z,-2.272,2026-05-17T23:00:00.000Z,744
spot,MNTUSDT,2026-06,4.1291,2026-06-14T21:00:00.000Z,-9.1269,2026-06-25T13:00:00.000Z,720
spot,MNTUSDT,2026-07,2.7394,2026-07-16T14:00:00.000Z,-3.3275,2026-07-29T15:00:00.000Z,744
spot,MNTUSDT,2026-08,8.6914,2026-08-27T08:00:00.000Z,-16.5688,2026-08-22T05:00:00.000Z,744
spot,FFUSDT,2025-09,1435.7143,2025-09-29T13:00:00.000Z,-29.4658,2025-09-29T14:00:00.000Z,35
spot,FFUSDT,2025-10,17.2586,2025-10-01T13:00:00.000Z,-56.2099,2025-10-10T21:00:00.000Z,744
spot,FFUSDT,2025-11,8.5198,2025-11-10T13:00:00.000Z,-10.0073,2025-11-13T19:00:00.000Z,720
spot,FFUSDT,2025-12,5.265,2025-12-05T07:00:00.000Z,-5.3162,2025-12-01T03:00:00.000Z,744
spot,FFUSDT,2026-01,5.1928,2026-01-21T07:00:00.000Z,-9.8066,2026-01-19T00:00:00.000Z,744
spot,FFUSDT,2026-02,4.6427,2026-02-06T16:00:00.000Z,-5.4079,2026-02-06T00:00:00.000Z,672
spot,FFUSDT,2026-03,3.1585,2026-03-07T17:00:00.000Z,-4.6041,2026-03-08T17:00:00.000Z,744
spot,FFUSDT,2026-04,104.2387,2026-04-10T18:00:00.000Z,-13.5103,2026-04-10T20:00:00.000Z,720
spot,FFUSDT,2026-05,14.7138,2026-05-27T13:00:00.000Z,-8.3181,2026-05-23T07:00:00.000Z,744
spot,FFUSDT,2026-06,10.1828,2026-06-03T08:00:00.000Z,-9.5374,2026-06-06T07:00:00.000Z,720
spot,FFUSDT,2026-07,6.1664,2026-07-29T07:00:00.000Z,-8.5425,2026-07-02T09:00:00.000Z,744
spot,FFUSDT,2026-08,15.1706,2026-08-26T09:00:00.000Z,-18.6954,2026-08-26T08:00:00.000Z,744
spot,USD1USDT,2025-07,0.8601,2025-07-09T10:00:00.000Z,-4.8634,2025-07-19T07:00:00.000Z,542
spot,USD1USDT,2025-08,1.4429,2025-08-31T06:00:00.000Z,-0.5961,2025-08-31T08:00:00.000Z,744
spot,USD1USDT,2025-09,5.4373,2025-09-01T04:00:00.000Z,-5.1044,2025-09-01T02:00:00.000Z,720
spot,USD1USDT,2025-10,1.101,2025-10-10T21:00:00.000Z,-0.15,2025-10-10T22:00:00.000Z,744
spot,USD1USDT,2025-11,0.04,2025-11-03T02:00:00.000Z,-0.05,2025-11-14T12:00:00.000Z,720
spot,USD1USDT,2025-12,0.2702,2025-12-15T23:00:00.000Z,-0.3702,2025-12-15T12:00:00.000Z,744
spot,USD1USDT,2026-01,0.5604,2026-01-31T20:00:00.000Z,-0.1199,2026-01-31T17:00:00.000Z,744
spot,USD1USDT,2026-02,0.1402,2026-02-17T08:00:00.000Z,-0.6605,2026-02-23T13:00:00.000Z,672
spot,USD1USDT,2026-03,0.0701,2026-03-20T02:00:00.000Z,-0.05,2026-03-04T08:00:00.000Z,744
spot,USD1USDT,2026-04,0.05,2026-04-16T01:00:00.000Z,-0.0501,2026-04-12T04:00:00.000Z,720
spot,USD1USDT,2026-05,0.04,2026-05-18T16:00:00.000Z,-0.06,2026-05-18T14:00:00.000Z,744
spot,USD1USDT,2026-06,0.1399,2026-06-20T13:00:00.000Z,-0.09,2026-06-11T01:00:00.000Z,720
spot,USD1USDT,2026-07,0.0801,2026-07-06T16:00:00.000Z,-0.3401,2026-07-10T19:00:00.000Z,744
spot,USD1USDT,2026-08,0.06,2026-08-20T12:00:00.000Z,-0.04,2026-08-24T17:00:00.000Z,744
spot,BNBUSDT,2024-09,2.6827,2024-09-04T14:00:00.000Z,-3.1104,2024-09-12T02:00:00.000Z,720
spot,BNBUSDT,2024-10,2.012,2024-10-27T11:00:00.000Z,-3.2731,2024-10-01T17:00:00.000Z,744
spot,BNBUSDT,2024-11,5.9173,2024-11-14T07:00:00.000Z,-4.0924,2024-11-12T00:00:00.000Z,720
spot,BNBUSDT,2024-12,4.8437,2024-12-20T12:00:00.000Z,-9.0293,2024-12-09T21:00:00.000Z,744
spot,BNBUSDT,2025-01,2.3648,2025-01-20T06:00:00.000Z,-3.0662,2025-01-20T17:00:00.000Z,744
spot,BNBUSDT,2025-02,4.2684,2025-02-13T13:00:00.000Z,-13.3714,2025-02-03T01:00:00.000Z,672
spot,BNBUSDT,2025-03,6.132,2025-03-13T13:00:00.000Z,-4.6444,2025-03-11T00:00:00.000Z,744
spot,BNBUSDT,2025-04,2.9645,2025-04-09T17:00:00.000Z,-4.9692,2025-04-07T06:00:00.000Z,720
spot,BNBUSDT,2025-05,4.2398,2025-05-09T23:00:00.000Z,-2.1892,2025-05-12T14:00:00.000Z,744
spot,BNBUSDT,2025-06,1.571,2025-06-23T22:00:00.000Z,-2.9494,2025-06-05T20:00:00.000Z,720
spot,BNBUSDT,2025-07,2.4075,2025-07-27T15:00:00.000Z,-2.5641,2025-07-23T13:00:00.000Z,744
spot,BNBUSDT,2025-08,2.8561,2025-08-22T14:00:00.000Z,-3.3411,2025-08-14T12:00:00.000Z,744
spot,BNBUSDT,2025-09,3.4633,2025-09-17T22:00:00.000Z,-3.1693,2025-09-25T17:00:00.000Z,720
spot,BNBUSDT,2025-10,6.8711,2025-10-23T15:00:00.000Z,-27.1089,2025-10-10T21:00:00.000Z,744
spot,BNBUSDT,2025-11,3.4304,2025-11-05T02:00:00.000Z,-6.2794,2025-11-03T15:00:00.000Z,720
spot,BNBUSDT,2025-12,2.6664,2025-12-09T15:00:00.000Z,-4.6966,2025-12-01T00:00:00.000Z,744
spot,BNBUSDT,2026-01,2.0634,2026-01-13T18:00:00.000Z,-4.1597,2026-01-31T18:00:00.000Z,744
spot,BNBUSDT,2026-02,3.5127,2026-02-06T05:00:00.000Z,-6.2284,2026-02-06T00:00:00.000Z,672
spot,BNBUSDT,2026-03,3.8449,2026-03-23T11:00:00.000Z,-2.3739,2026-03-29T22:00:00.000Z,744
spot,BNBUSDT,2026-04,1.647,2026-04-22T13:00:00.000Z,-2.7348,2026-04-12T01:00:00.000Z,720
spot,BNBUSDT,2026-05,2.2747,2026-05-30T16:00:00.000Z,-2.5408,2026-05-31T07:00:00.000Z,744
spot,BNBUSDT,2026-06,5.8005,2026-06-01T09:00:00.000Z,-3.9957,2026-06-25T13:00:00.000Z,720
spot,BNBUSDT,2026-07,1.6638,2026-07-05T12:00:00.000Z,-1.5146,2026-07-27T14:00:00.000Z,744
spot,BNBUSDT,2026-08,3.8948,2026-08-22T02:00:00.000Z,-5.7801,2026-08-22T05:00:00.000Z,744
spot,XAUTUSDT,2025-04,64.385,2025-04-11T10:00:00.000Z,-1.4875,2025-04-22T07:00:00.000Z,470
spot,XAUTUSDT,2025-05,1.4253,2025-05-06T01:00:00.000Z,-5.05,2025-05-22T09:00:00.000Z,744
spot,XAUTUSDT,2025-06,1.2954,2025-06-27T04:00:00.000Z,-1.2454,2025-06-23T22:00:00.000Z,720
spot,XAUTUSDT,2025-07,1.0186,2025-07-16T15:00:00.000Z,-0.9289,2025-07-03T12:00:00.000Z,744
spot,XAUTUSDT,2025-08,1.2505,2025-08-01T12:00:00.000Z,-0.5781,2025-08-07T08:00:00.000Z,744
spot,XAUTUSDT,2025-09,0.9715,2025-09-02T01:00:00.000Z,-0.9521,2025-09-17T18:00:00.000Z,720
spot,XAUTUSDT,2025-10,1.249,2025-10-20T12:00:00.000Z,-2.1356,2025-10-21T14:00:00.000Z,744
spot,XAUTUSDT,2025-11,1.1069,2025-11-12T15:00:00.000Z,-1.6139,2025-11-14T13:00:00.000Z,720
spot,XAUTUSDT,2025-12,0.877,2025-12-31T06:00:00.000Z,-1.4166,2025-12-12T15:00:00.000Z,744
spot,XAUTUSDT,2026-01,3.1309,2026-01-28T23:00:00.000Z,-6.5288,2026-01-29T15:00:00.000Z,744
spot,XAUTUSDT,2026-02,2.7664,2026-02-02T00:00:00.000Z,-3.3761,2026-02-02T05:00:00.000Z,672
spot,XAUTUSDT,2026-03,4.1748,2026-03-23T11:00:00.000Z,-3.0897,2026-03-03T11:00:00.000Z,744
spot,XAUTUSDT,2026-04,2.0801,2026-04-07T22:00:00.000Z,-2.6383,2026-04-02T01:00:00.000Z,720
spot,XAUTUSDT,2026-05,1.1132,2026-05-20T14:00:00.000Z,-1.474,2026-05-19T13:00:00.000Z,744
spot,XAUTUSDT,2026-06,2.0694,2026-06-11T17:00:00.000Z,-2.3559,2026-06-17T18:00:00.000Z,720
spot,XAUTUSDT,2026-07,1.9911,2026-07-01T13:00:00.000Z,-1.5946,2026-07-08T08:00:00.000Z,744
spot,XAUTUSDT,2026-08,1.6074,2026-08-19T12:00:00.000Z,-1.4017,2026-08-28T14:00:00.000Z,744
spot,ARBUSDT,2024-09,3.9286,2024-09-19T16:00:00.000Z,-4.3033,2024-09-04T01:00:00.000Z,720
spot,ARBUSDT,2024-10,3.6398,2024-10-14T03:00:00.000Z,-9.2105,2024-10-25T23:00:00.000Z,744
spot,ARBUSDT,2024-11,10.6412,2024-11-21T13:00:00.000Z,-7.657,2024-11-12T10:00:00.000Z,720
spot,ARBUSDT,2024-12,7.1535,2024-12-20T12:00:00.000Z,-16.6498,2024-12-09T21:00:00.000Z,744
spot,ARBUSDT,2025-01,5.565,2025-01-20T06:00:00.000Z,-7.2179,2025-01-20T17:00:00.000Z,744
spot,ARBUSDT,2025-02,6.9046,2025-02-03T03:00:00.000Z,-19.8043,2025-02-03T01:00:00.000Z,672
spot,ARBUSDT,2025-03,9.4662,2025-03-02T16:00:00.000Z,-8.0524,2025-03-11T00:00:00.000Z,744
spot,ARBUSDT,2025-04,7.2714,2025-04-09T17:00:00.000Z,-8.8479,2025-04-07T06:00:00.000Z,720
spot,ARBUSDT,2025-05,8.4133,2025-05-10T22:00:00.000Z,-7.1861,2025-05-30T00:00:00.000Z,744
spot,ARBUSDT,2025-06,6.3128,2025-06-29T21:00:00.000Z,-6.776,2025-06-13T00:00:00.000Z,720
spot,ARBUSDT,2025-07,4.2217,2025-07-22T10:00:00.000Z,-4.4612,2025-07-18T15:00:00.000Z,744
spot,ARBUSDT,2025-08,10.6318,2025-08-22T14:00:00.000Z,-8.0738,2025-08-14T12:00:00.000Z,744
spot,ARBUSDT,2025-09,4.1728,2025-09-02T13:00:00.000Z,-7.5949,2025-09-22T06:00:00.000Z,720
spot,ARBUSDT,2025-10,10.4998,2025-10-10T23:00:00.000Z,-71.35,2025-10-10T21:00:00.000Z,744
spot,ARBUSDT,2025-11,5.3157,2025-11-07T16:00:00.000Z,-13.1394,2025-11-21T07:00:00.000Z,720
spot,ARBUSDT,2025-12,6.8914,2025-12-02T15:00:00.000Z,-6.7941,2025-12-18T17:00:00.000Z,744
spot,ARBUSDT,2026-01,4.5791,2026-01-13T22:00:00.000Z,-10.1407,2026-01-19T00:00:00.000Z,744
spot,ARBUSDT,2026-02,5.3012,2026-02-03T19:00:00.000Z,-12.2563,2026-02-06T00:00:00.000Z,672
spot,ARBUSDT,2026-03,5.4113,2026-03-23T11:00:00.000Z,-4.3478,2026-03-29T22:00:00.000Z,744
spot,ARBUSDT,2026-04,3.9668,2026-04-16T19:00:00.000Z,-4.3657,2026-04-29T18:00:00.000Z,720
spot,ARBUSDT,2026-05,4.3507,2026-05-08T17:00:00.000Z,-4.724,2026-05-17T23:00:00.000Z,744
spot,ARBUSDT,2026-06,5.7764,2026-06-07T22:00:00.000Z,-7.4235,2026-06-25T13:00:00.000Z,720
spot,ARBUSDT,2026-07,4.6292,2026-07-09T17:00:00.000Z,-3.449,2026-07-11T23:00:00.000Z,744
spot,ARBUSDT,2026-08,7.9398,2026-08-31T17:00:00.000Z,-15.3201,2026-08-22T05:00:00.000Z,744
spot,XLMUSDT,2024-09,3.31,2024-09-12T12:00:00.000Z,-2.4975,2024-09-04T01:00:00.000Z,720
spot,XLMUSDT,2024-10,1.994,2024-10-23T19:00:00.000Z,-4.1753,2024-10-01T17:00:00.000Z,744
spot,XLMUSDT,2024-11,20.7327,2024-11-23T00:00:00.000Z,-12.5405,2024-11-16T15:00:00.000Z,720
spot,XLMUSDT,2024-12,10.5278,2024-12-20T12:00:00.000Z,-17.9209,2024-12-09T21:00:00.000Z,744
spot,XLMUSDT,2025-01,8.5505,2025-01-15T01:00:00.000Z,-7.1384,2025-01-20T17:00:00.000Z,744
spot,XLMUSDT,2025-02,8.2264,2025-02-03T03:00:00.000Z,-17.2536,2025-02-03T01:00:00.000Z,672
spot,XLMUSDT,2025-03,11.8629,2025-03-02T16:00:00.000Z,-6.2009,2025-03-11T00:00:00.000Z,744
spot,XLMUSDT,2025-04,9.3065,2025-04-09T17:00:00.000Z,-5.5903,2025-04-07T03:00:00.000Z,720
spot,XLMUSDT,2025-05,5.1127,2025-05-12T12:00:00.000Z,-4.0755,2025-05-20T14:00:00.000Z,744
spot,XLMUSDT,2025-06,3.1473,2025-06-23T22:00:00.000Z,-3.9671,2025-06-13T00:00:00.000Z,720
spot,XLMUSDT,2025-07,13.6764,2025-07-11T15:00:00.000Z,-5.4457,2025-07-23T13:00:00.000Z,744
spot,XLMUSDT,2025-08,6.6324,2025-08-22T14:00:00.000Z,-7.5322,2025-08-14T12:00:00.000Z,744
spot,XLMUSDT,2025-09,2.6175,2025-09-02T13:00:00.000Z,-5.1381,2025-09-22T06:00:00.000Z,720
spot,XLMUSDT,2025-10,7.0645,2025-10-10T22:00:00.000Z,-52.4677,2025-10-10T21:00:00.000Z,744
spot,XLMUSDT,2025-11,4.0028,2025-11-13T03:00:00.000Z,-7.4301,2025-11-03T15:00:00.000Z,720
spot,XLMUSDT,2025-12,3.7098,2025-12-02T15:00:00.000Z,-5.0403,2025-12-01T00:00:00.000Z,744
spot,XLMUSDT,2026-01,3.7845,2026-01-05T20:00:00.000Z,-6.9203,2026-01-19T00:00:00.000Z,744
spot,XLMUSDT,2026-02,4.9941,2026-02-03T19:00:00.000Z,-7.2789,2026-02-06T00:00:00.000Z,672
spot,XLMUSDT,2026-03,4.984,2026-03-23T11:00:00.000Z,-3.1509,2026-03-17T03:00:00.000Z,744
spot,XLMUSDT,2026-04,2.9963,2026-04-16T15:00:00.000Z,-2.6916,2026-04-02T01:00:00.000Z,720
spot,XLMUSDT,2026-05,13.1193,2026-05-29T19:00:00.000Z,-10.3507,2026-05-30T04:00:00.000Z,744
spot,XLMUSDT,2026-06,7.8285,2026-06-15T15:00:00.000Z,-5.2718,2026-06-18T17:00:00.000Z,720
spot,XLMUSDT,2026-07,3.7481,2026-07-01T02:00:00.000Z,-3.3149,2026-07-27T14:00:00.000Z,744
spot,XLMUSDT,2026-08,4.399,2026-08-19T15:00:00.000Z,-14.4353,2026-08-22T05:00:00.000Z,744
spot,UNIUSDT,2024-09,5.5214,2024-09-02T08:00:00.000Z,-4.858,2024-09-04T15:00:00.000Z,720
spot,UNIUSDT,2024-10,10.0982,2024-10-22T06:00:00.000Z,-7.6192,2024-10-25T23:00:00.000Z,744
spot,UNIUSDT,2024-11,17.3418,2024-11-12T02:00:00.000Z,-6.6978,2024-11-12T10:00:00.000Z,720
spot,UNIUSDT,2024-12,11.4943,2024-12-02T12:00:00.000Z,-14.1761,2024-12-09T21:00:00.000Z,744
spot,UNIUSDT,2025-01,5.5457,2025-01-20T07:00:00.000Z,-7.0123,2025-01-20T17:00:00.000Z,744
spot,UNIUSDT,2025-02,9.5547,2025-02-25T18:00:00.000Z,-18.4872,2025-02-03T01:00:00.000Z,672
spot,UNIUSDT,2025-03,9.5263,2025-03-02T16:00:00.000Z,-6.7897,2025-03-11T00:00:00.000Z,744
spot,UNIUSDT,2025-04,8.2861,2025-04-09T17:00:00.000Z,-7.4573,2025-04-07T06:00:00.000Z,720
spot,UNIUSDT,2025-05,8.4733,2025-05-08T15:00:00.000Z,-6.6159,2025-05-23T11:00:00.000Z,744
spot,UNIUSDT,2025-06,10.8285,2025-06-10T11:00:00.000Z,-9.232,2025-06-17T18:00:00.000Z,720
spot,UNIUSDT,2025-07,10.6933,2025-07-21T13:00:00.000Z,-5.2538,2025-07-18T14:00:00.000Z,744
spot,UNIUSDT,2025-08,10.6449,2025-08-01T03:00:00.000Z,-6.8444,2025-08-14T12:00:00.000Z,744
spot,UNIUSDT,2025-09,3.3288,2025-09-25T18:00:00.000Z,-11.3918,2025-09-22T06:00:00.000Z,720
spot,UNIUSDT,2025-10,8.4548,2025-10-11T02:00:00.000Z,-67.3882,2025-10-10T21:00:00.000Z,744
spot,UNIUSDT,2025-11,17.0149,2025-11-10T21:00:00.000Z,-9.0293,2025-11-21T07:00:00.000Z,720
spot,UNIUSDT,2025-12,7.85,2025-12-20T07:00:00.000Z,-6.9028,2025-12-01T00:00:00.000Z,744
spot,UNIUSDT,2026-01,5.4846,2026-01-05T22:00:00.000Z,-9.6369,2026-01-19T00:00:00.000Z,744
spot,UNIUSDT,2026-02,33.7161,2026-02-11T14:00:00.000Z,-10.1989,2026-02-06T00:00:00.000Z,672
spot,UNIUSDT,2026-03,5.7438,2026-03-23T11:00:00.000Z,-4.0943,2026-03-29T22:00:00.000Z,744
spot,UNIUSDT,2026-04,3.4483,2026-04-07T22:00:00.000Z,-6.8291,2026-04-02T13:00:00.000Z,720
spot,UNIUSDT,2026-05,6.9085,2026-05-10T05:00:00.000Z,-4.8417,2026-05-27T23:00:00.000Z,744
spot,UNIUSDT,2026-06,5.0319,2026-06-07T22:00:00.000Z,-8.6612,2026-06-17T11:00:00.000Z,720
spot,UNIUSDT,2026-07,5.3122,2026-07-02T11:00:00.000Z,-5.1048,2026-07-08T08:00:00.000Z,744
spot,UNIUSDT,2026-08,6.7537,2026-08-23T13:00:00.000Z,-15.8942,2026-08-22T05:00:00.000Z,744
spot,CAPUSDT,2026-06,1440.6667,2026-06-26T12:00:00.000Z,-21.9309,2026-06-30T03:00:00.000Z,108
spot,CAPUSDT,2026-07,14.2414,2026-07-31T17:00:00.000Z,-12.4145,2026-07-14T04:00:00.000Z,744
spot,CAPUSDT,2026-08,30.6941,2026-08-06T01:00:00.000Z,-23.6834,2026-08-14T18:00:00.000Z,744
spot,USDEUSDT,2024-09,0.0601,2024-09-16T00:00:00.000Z,-0.0801,2024-09-01T05:00:00.000Z,720
spot,USDEUSDT,2024-10,0.11,2024-10-23T21:00:00.000Z,-0.0999,2024-10-24T02:00:00.000Z,744
spot,USDEUSDT,2024-11,0.2098,2024-11-22T00:00:00.000Z,-0.1697,2024-11-18T20:00:00.000Z,720
spot,USDEUSDT,2024-12,0.1401,2024-12-19T19:00:00.000Z,-4.8001,2024-12-20T06:00:00.000Z,744
spot,USDEUSDT,2025-01,0.1201,2025-01-23T03:00:00.000Z,-0.1201,2025-01-20T07:00:00.000Z,744
spot,USDEUSDT,2025-02,1.2697,2025-02-21T16:00:00.000Z,-4.5509,2025-02-21T15:00:00.000Z,672
spot,USDEUSDT,2025-03,0.09,2025-03-02T09:00:00.000Z,-0.1,2025-03-02T15:00:00.000Z,744
spot,USDEUSDT,2025-04,0.08,2025-04-01T03:00:00.000Z,-0.11,2025-04-06T23:00:00.000Z,720
spot,USDEUSDT,2025-05,0.06,2025-05-01T03:00:00.000Z,-0.1499,2025-05-07T07:00:00.000Z,744
spot,USDEUSDT,2025-06,0.06,2025-06-03T22:00:00.000Z,-0.07,2025-06-12T14:00:00.000Z,720
spot,USDEUSDT,2025-07,0.0899,2025-07-09T16:00:00.000Z,-0.0899,2025-07-17T07:00:00.000Z,744
spot,USDEUSDT,2025-08,0.05,2025-08-29T10:00:00.000Z,-0.06,2025-08-29T06:00:00.000Z,744
spot,USDEUSDT,2025-09,0.1201,2025-09-25T17:00:00.000Z,-0.1699,2025-09-08T07:00:00.000Z,720
spot,USDEUSDT,2025-10,0.6644,2025-10-10T22:00:00.000Z,-7.93,2025-10-10T21:00:00.000Z,744
spot,USDEUSDT,2025-11,0.0701,2025-11-01T05:00:00.000Z,-0.1101,2025-11-04T18:00:00.000Z,720
spot,USDEUSDT,2025-12,0.03,2025-12-22T02:00:00.000Z,-0.02,2025-12-12T12:00:00.000Z,744
spot,USDEUSDT,2026-01,0.08,2026-01-30T07:00:00.000Z,-0.06,2026-01-31T17:00:00.000Z,744
spot,USDEUSDT,2026-02,0.06,2026-02-02T16:00:00.000Z,-0.0901,2026-02-06T00:00:00.000Z,672
spot,USDEUSDT,2026-03,0.07,2026-03-16T06:00:00.000Z,-0.04,2026-03-03T21:00:00.000Z,744
spot,USDEUSDT,2026-04,0.05,2026-04-17T18:00:00.000Z,-0.05,2026-04-18T22:00:00.000Z,720
spot,USDEUSDT,2026-05,0.06,2026-05-13T18:00:00.000Z,-0.06,2026-05-17T12:00:00.000Z,744
spot,USDEUSDT,2026-06,0.05,2026-06-02T02:00:00.000Z,-0.05,2026-06-24T11:00:00.000Z,720
spot,USDEUSDT,2026-07,0.1499,2026-07-11T09:00:00.000Z,-0.0999,2026-07-14T07:00:00.000Z,744
spot,USDEUSDT,2026-08,0.05,2026-08-25T06:00:00.000Z,-0.09,2026-08-21T10:00:00.000Z,744
spot,LTCUSDT,2024-09,2.7582,2024-09-05T07:00:00.000Z,-3.2892,2024-09-04T01:00:00.000Z,720
spot,LTCUSDT,2024-10,8.6327,2024-10-15T16:00:00.000Z,-4.7612,2024-10-25T23:00:00.000Z,744
spot,LTCUSDT,2024-11,12.5828,2024-11-14T03:00:00.000Z,-6.1788,2024-11-14T04:00:00.000Z,720
spot,LTCUSDT,2024-12,11.6084,2024-12-17T17:00:00.000Z,-15.7199,2024-12-09T21:00:00.000Z,744
spot,LTCUSDT,2025-01,9.0589,2025-01-16T15:00:00.000Z,-6.6463,2025-01-20T17:00:00.000Z,744
spot,LTCUSDT,2025-02,6.933,2025-02-03T15:00:00.000Z,-16.5084,2025-02-03T01:00:00.000Z,672
spot,LTCUSDT,2025-03,7.1141,2025-03-02T16:00:00.000Z,-6.1648,2025-03-04T01:00:00.000Z,744
spot,LTCUSDT,2025-04,7.0826,2025-04-09T17:00:00.000Z,-6.2435,2025-04-07T06:00:00.000Z,720
spot,LTCUSDT,2025-05,6.616,2025-05-06T23:00:00.000Z,-6.0096,2025-05-15T07:00:00.000Z,744
spot,LTCUSDT,2025-06,2.5841,2025-06-22T22:00:00.000Z,-4.3534,2025-06-13T00:00:00.000Z,720
spot,LTCUSDT,2025-07,9.3889,2025-07-19T19:00:00.000Z,-4.5385,2025-07-18T13:00:00.000Z,744
spot,LTCUSDT,2025-08,4.849,2025-08-22T14:00:00.000Z,-5.5699,2025-08-14T12:00:00.000Z,744
spot,LTCUSDT,2025-09,3.8485,2025-09-10T16:00:00.000Z,-6.5327,2025-09-22T06:00:00.000Z,720
spot,LTCUSDT,2025-10,7.2284,2025-10-09T22:00:00.000Z,-57.3931,2025-10-10T21:00:00.000Z,744
spot,LTCUSDT,2025-11,11.8222,2025-11-07T16:00:00.000Z,-7.5181,2025-11-21T07:00:00.000Z,720
spot,LTCUSDT,2025-12,3.3727,2025-12-02T15:00:00.000Z,-5.4497,2025-12-01T00:00:00.000Z,744
spot,LTCUSDT,2026-01,2.9255,2026-01-21T19:00:00.000Z,-9.0758,2026-01-19T00:00:00.000Z,744
spot,LTCUSDT,2026-02,4.3829,2026-02-03T19:00:00.000Z,-11.2621,2026-02-06T00:00:00.000Z,672
spot,LTCUSDT,2026-03,4.3083,2026-03-23T11:00:00.000Z,-2.863,2026-03-29T22:00:00.000Z,744
spot,LTCUSDT,2026-04,2.4861,2026-04-29T09:00:00.000Z,-2.2916,2026-04-02T01:00:00.000Z,720
spot,LTCUSDT,2026-05,2.3887,2026-05-10T22:00:00.000Z,-3.7759,2026-05-17T23:00:00.000Z,744
spot,LTCUSDT,2026-06,4.4744,2026-06-07T22:00:00.000Z,-5.2352,2026-06-25T13:00:00.000Z,720
spot,LTCUSDT,2026-07,2.5822,2026-07-01T21:00:00.000Z,-2.1631,2026-07-29T03:00:00.000Z,744
spot,LTCUSDT,2026-08,3.7268,2026-08-21T08:00:00.000Z,-8.7384,2026-08-22T05:00:00.000Z,744
spot,ADAUSDT,2024-09,2.6896,2024-09-18T18:00:00.000Z,-3.421,2024-09-04T01:00:00.000Z,720
spot,ADAUSDT,2024-10,3.4523,2024-10-14T03:00:00.000Z,-7.449,2024-10-25T23:00:00.000Z,744
spot,ADAUSDT,2024-11,13.5653,2024-11-23T00:00:00.000Z,-7.5092,2024-11-23T04:00:00.000Z,720
spot,ADAUSDT,2024-12,9.5238,2024-12-20T12:00:00.000Z,-14.4526,2024-12-09T21:00:00.000Z,744
spot,ADAUSDT,2025-01,7.0214,2025-01-15T13:00:00.000Z,-7.7795,2025-01-20T17:00:00.000Z,744
spot,ADAUSDT,2025-02,8.3026,2025-02-03T03:00:00.000Z,-21.7238,2025-02-03T01:00:00.000Z,672
spot,ADAUSDT,2025-03,38.7456,2025-03-02T15:00:00.000Z,-9.9515,2025-03-07T00:00:00.000Z,744
spot,ADAUSDT,2025-04,10.0587,2025-04-09T17:00:00.000Z,-6.8016,2025-04-07T06:00:00.000Z,720
spot,ADAUSDT,2025-05,3.5173,2025-05-12T12:00:00.000Z,-5.4002,2025-05-30T00:00:00.000Z,744
spot,ADAUSDT,2025-06,4.3292,2025-06-29T22:00:00.000Z,-5.821,2025-06-13T00:00:00.000Z,720
spot,ADAUSDT,2025-07,4.1986,2025-07-18T00:00:00.000Z,-4.1881,2025-07-20T22:00:00.000Z,744
spot,ADAUSDT,2025-08,9.2962,2025-08-22T14:00:00.000Z,-8.1611,2025-08-14T12:00:00.000Z,744
spot,ADAUSDT,2025-09,4.6723,2025-09-01T07:00:00.000Z,-6.235,2025-09-22T06:00:00.000Z,720
spot,ADAUSDT,2025-10,7.4317,2025-10-10T23:00:00.000Z,-61.0739,2025-10-10T21:00:00.000Z,744
spot,ADAUSDT,2025-11,4.8135,2025-11-07T16:00:00.000Z,-9.0988,2025-11-03T15:00:00.000Z,720
spot,ADAUSDT,2025-12,5.8188,2025-12-02T15:00:00.000Z,-6.3496,2025-12-01T00:00:00.000Z,744
spot,ADAUSDT,2026-01,4.7632,2026-01-02T16:00:00.000Z,-9.0498,2026-01-19T00:00:00.000Z,744
spot,ADAUSDT,2026-02,4.9238,2026-02-03T19:00:00.000Z,-10.1426,2026-02-06T00:00:00.000Z,672
spot,ADAUSDT,2026-03,5.6287,2026-03-23T11:00:00.000Z,-3.6823,2026-03-29T22:00:00.000Z,744
spot,ADAUSDT,2026-04,3.6306,2026-04-07T22:00:00.000Z,-3.5586,2026-04-02T01:00:00.000Z,720
spot,ADAUSDT,2026-05,2.8323,2026-05-06T08:00:00.000Z,-4.1812,2026-05-10T20:00:00.000Z,744
spot,ADAUSDT,2026-06,6.5615,2026-06-05T04:00:00.000Z,-6.6802,2026-06-25T13:00:00.000Z,720
spot,ADAUSDT,2026-07,4.2345,2026-07-04T15:00:00.000Z,-3.8344,2026-07-27T14:00:00.000Z,744
spot,ADAUSDT,2026-08,6.0681,2026-08-22T04:00:00.000Z,-18.8434,2026-08-22T05:00:00.000Z,744
spot,AVAXUSDT,2024-09,5.4004,2024-09-19T00:00:00.000Z,-3.8314,2024-09-01T22:00:00.000Z,720
spot,AVAXUSDT,2024-10,3.9917,2024-10-12T01:00:00.000Z,-6.8408,2024-10-25T23:00:00.000Z,744
spot,AVAXUSDT,2024-11,5.7218,2024-11-17T04:00:00.000Z,-7.033,2024-11-12T10:00:00.000Z,720
spot,AVAXUSDT,2024-12,8.0898,2024-12-02T21:00:00.000Z,-13.5529,2024-12-09T21:00:00.000Z,744
spot,AVAXUSDT,2025-01,6.3775,2025-01-20T06:00:00.000Z,-7.0727,2025-01-20T17:00:00.000Z,744
spot,AVAXUSDT,2025-02,5.9255,2025-02-03T05:00:00.000Z,-16.3755,2025-02-03T01:00:00.000Z,672
spot,AVAXUSDT,2025-03,9.2889,2025-03-02T16:00:00.000Z,-6.0505,2025-03-07T00:00:00.000Z,744
spot,AVAXUSDT,2025-04,8.7931,2025-04-09T17:00:00.000Z,-7.5032,2025-04-07T06:00:00.000Z,720
spot,AVAXUSDT,2025-05,5.0901,2025-05-12T07:00:00.000Z,-5.3042,2025-05-23T11:00:00.000Z,744
spot,AVAXUSDT,2025-06,4.7756,2025-06-23T22:00:00.000Z,-6.3578,2025-06-13T00:00:00.000Z,720
spot,AVAXUSDT,2025-07,5.5322,2025-07-17T23:00:00.000Z,-3.7834,2025-07-23T13:00:00.000Z,744
spot,AVAXUSDT,2025-08,6.7208,2025-08-22T14:00:00.000Z,-6.8531,2025-08-14T12:00:00.000Z,744
spot,AVAXUSDT,2025-09,8.6322,2025-09-23T03:00:00.000Z,-5.6397,2025-09-22T06:00:00.000Z,720
spot,AVAXUSDT,2025-10,9.0301,2025-10-11T02:00:00.000Z,-66.2,2025-10-10T21:00:00.000Z,744
spot,AVAXUSDT,2025-11,4.2791,2025-11-17T14:00:00.000Z,-9.1947,2025-11-03T15:00:00.000Z,720
spot,AVAXUSDT,2025-12,4.0493,2025-12-19T03:00:00.000Z,-5.8581,2025-12-18T17:00:00.000Z,744
spot,AVAXUSDT,2026-01,4.8686,2026-01-01T19:00:00.000Z,-6.9337,2026-01-19T00:00:00.000Z,744
spot,AVAXUSDT,2026-02,4.5977,2026-02-03T19:00:00.000Z,-9.1456,2026-02-06T00:00:00.000Z,672
spot,AVAXUSDT,2026-03,6.4373,2026-03-23T11:00:00.000Z,-3.4773,2026-03-21T23:00:00.000Z,744
spot,AVAXUSDT,2026-04,4.1767,2026-04-07T21:00:00.000Z,-3.5384,2026-04-02T01:00:00.000Z,720
spot,AVAXUSDT,2026-05,3.3284,2026-05-29T15:00:00.000Z,-4.418,2026-05-10T20:00:00.000Z,744
spot,AVAXUSDT,2026-06,5.5648,2026-06-07T22:00:00.000Z,-6.6458,2026-06-25T13:00:00.000Z,720
spot,AVAXUSDT,2026-07,2.9603,2026-07-25T13:00:00.000Z,-2.7436,2026-07-08T01:00:00.000Z,744
spot,AVAXUSDT,2026-08,5.8715,2026-08-15T02:00:00.000Z,-15.0485,2026-08-22T05:00:00.000Z,744
spot,PUMPUSDT,2025-07,515,2025-07-14T17:00:00.000Z,-17.1996,2025-07-23T20:00:00.000Z,415
spot,PUMPUSDT,2025-08,8.3101,2025-08-28T22:00:00.000Z,-7.7381,2025-08-02T18:00:00.000Z,744
spot,PUMPUSDT,2025-09,9.6102,2025-09-11T10:00:00.000Z,-10.6739,2025-09-22T06:00:00.000Z,720
spot,PUMPUSDT,2025-10,10.0816,2025-10-11T02:00:00.000Z,-67.605,2025-10-10T21:00:00.000Z,744
spot,PUMPUSDT,2025-11,9.5083,2025-11-07T14:00:00.000Z,-14.4256,2025-11-03T15:00:00.000Z,720
spot,PUMPUSDT,2025-12,8.1604,2025-12-06T14:00:00.000Z,-8.5142,2025-12-01T00:00:00.000Z,744
spot,PUMPUSDT,2026-01,13.0824,2026-01-09T17:00:00.000Z,-13.2665,2026-01-19T00:00:00.000Z,744
spot,PUMPUSDT,2026-02,7.9289,2026-02-03T19:00:00.000Z,-13.7681,2026-02-06T00:00:00.000Z,672
spot,PUMPUSDT,2026-03,7.1959,2026-03-23T11:00:00.000Z,-5.8892,2026-03-29T22:00:00.000Z,744
spot,PUMPUSDT,2026-04,11.9362,2026-04-28T21:00:00.000Z,-4.309,2026-04-12T01:00:00.000Z,720
spot,PUMPUSDT,2026-05,7.3171,2026-05-07T05:00:00.000Z,-5.6032,2026-05-17T23:00:00.000Z,744
spot,PUMPUSDT,2026-06,7.5445,2026-06-28T07:00:00.000Z,-8.3399,2026-06-25T13:00:00.000Z,720
spot,PUMPUSDT,2026-07,8.7302,2026-07-15T01:00:00.000Z,-6.7948,2026-07-14T18:00:00.000Z,744
spot,PUMPUSDT,2026-08,10.3521,2026-08-22T06:00:00.000Z,-17.8522,2026-08-22T05:00:00.000Z,744
linear,BTCUSDT,2024-09,2.4368,2024-09-17T14:00:00.000Z,-2.8136,2024-09-04T01:00:00.000Z,720
linear,BTCUSDT,2024-10,3.0428,2024-10-15T13:00:00.000Z,-3.7433,2024-10-15T14:00:00.000Z,744
linear,BTCUSDT,2024-11,3.1672,2024-11-06T02:00:00.000Z,-3.1779,2024-11-01T15:00:00.000Z,720
linear,BTCUSDT,2024-12,4.2626,2024-12-05T02:00:00.000Z,-8.5212,2024-12-05T22:00:00.000Z,744
linear,BTCUSDT,2025-01,7.4447,2025-01-20T06:00:00.000Z,-5.7963,2025-01-20T17:00:00.000Z,744
linear,BTCUSDT,2025-02,3.0311,2025-02-03T15:00:00.000Z,-4.8112,2025-02-03T01:00:00.000Z,672
linear,BTCUSDT,2025-03,5.2195,2025-03-02T16:00:00.000Z,-5.9009,2025-03-07T00:00:00.000Z,744
linear,BTCUSDT,2025-04,5.1565,2025-04-09T17:00:00.000Z,-3.2847,2025-04-10T15:00:00.000Z,720
linear,BTCUSDT,2025-05,2.1913,2025-05-08T15:00:00.000Z,-2.7819,2025-05-21T17:00:00.000Z,744
linear,BTCUSDT,2025-06,2.2961,2025-06-23T22:00:00.000Z,-2.4261,2025-06-22T13:00:00.000Z,720
linear,BTCUSDT,2025-07,3.9325,2025-07-10T21:00:00.000Z,-1.9968,2025-07-15T14:00:00.000Z,744
linear,BTCUSDT,2025-08,3.2318,2025-08-22T14:00:00.000Z,-3.581,2025-08-24T19:00:00.000Z,744
linear,BTCUSDT,2025-09,2.299,2025-09-02T13:00:00.000Z,-2.3177,2025-09-05T14:00:00.000Z,720
linear,BTCUSDT,2025-10,3.6377,2025-10-21T14:00:00.000Z,-11.5379,2025-10-10T21:00:00.000Z,744
linear,BTCUSDT,2025-11,2.4657,2025-11-26T17:00:00.000Z,-4.9457,2025-11-21T07:00:00.000Z,720
linear,BTCUSDT,2025-12,2.8126,2025-12-09T15:00:00.000Z,-3.7525,2025-12-01T00:00:00.000Z,744
linear,BTCUSDT,2026-01,2.771,2026-01-13T22:00:00.000Z,-4.0058,2026-01-31T18:00:00.000Z,744
linear,BTCUSDT,2026-02,3.5665,2026-02-06T01:00:00.000Z,-4.7472,2026-02-06T00:00:00.000Z,672
linear,BTCUSDT,2026-03,4.3403,2026-03-23T11:00:00.000Z,-2.6095,2026-03-29T22:00:00.000Z,744
linear,BTCUSDT,2026-04,2.2948,2026-04-07T22:00:00.000Z,-2.4297,2026-04-12T01:00:00.000Z,720
linear,BTCUSDT,2026-05,2.2393,2026-05-04T14:00:00.000Z,-2.1495,2026-05-15T13:00:00.000Z,744
linear,BTCUSDT,2026-06,4.0488,2026-06-07T22:00:00.000Z,-5.1641,2026-06-25T13:00:00.000Z,720
linear,BTCUSDT,2026-07,2.4321,2026-07-06T15:00:00.000Z,-1.645,2026-07-08T08:00:00.000Z,744
linear,BTCUSDT,2026-08,6.0595,2026-08-19T15:00:00.000Z,-2.5702,2026-08-21T09:00:00.000Z,744
linear,ETHUSDT,2024-09,2.6939,2024-09-20T03:00:00.000Z,-3.8533,2024-09-04T01:00:00.000Z,720
linear,ETHUSDT,2024-10,3.0138,2024-10-14T03:00:00.000Z,-4.1418,2024-10-15T14:00:00.000Z,744
linear,ETHUSDT,2024-11,5.477,2024-11-21T12:00:00.000Z,-4.3987,2024-11-12T10:00:00.000Z,720
linear,ETHUSDT,2024-12,4.8619,2024-12-20T12:00:00.000Z,-7.9703,2024-12-09T21:00:00.000Z,744
linear,ETHUSDT,2025-01,5.0204,2025-01-20T06:00:00.000Z,-5.2719,2025-01-20T17:00:00.000Z,744
linear,ETHUSDT,2025-02,4.3029,2025-02-03T21:00:00.000Z,-16.4174,2025-02-03T02:00:00.000Z,672
linear,ETHUSDT,2025-03,12.3305,2025-03-02T16:00:00.000Z,-6.045,2025-03-11T00:00:00.000Z,744
linear,ETHUSDT,2025-04,9.1391,2025-04-09T17:00:00.000Z,-8.4165,2025-04-07T06:00:00.000Z,720
linear,ETHUSDT,2025-05,6.0932,2025-05-09T07:00:00.000Z,-5.2192,2025-05-21T17:00:00.000Z,744
linear,ETHUSDT,2025-06,4.2179,2025-06-23T22:00:00.000Z,-7.1452,2025-06-21T21:00:00.000Z,720
linear,ETHUSDT,2025-07,6.6529,2025-07-10T21:00:00.000Z,-2.8208,2025-07-15T14:00:00.000Z,744
linear,ETHUSDT,2025-08,8.3478,2025-08-22T14:00:00.000Z,-4.4394,2025-08-14T12:00:00.000Z,744
linear,ETHUSDT,2025-09,2.7429,2025-09-02T13:00:00.000Z,-4.0721,2025-09-05T14:00:00.000Z,720
linear,ETHUSDT,2025-10,5.7526,2025-10-12T14:00:00.000Z,-14.3188,2025-10-10T21:00:00.000Z,744
linear,ETHUSDT,2025-11,3.2062,2025-11-14T14:00:00.000Z,-5.1124,2025-11-21T07:00:00.000Z,720
linear,ETHUSDT,2025-12,4.4987,2025-12-09T15:00:00.000Z,-5.4089,2025-12-12T15:00:00.000Z,744
linear,ETHUSDT,2026-01,5.4453,2026-01-13T22:00:00.000Z,-6.8302,2026-01-31T18:00:00.000Z,744
linear,ETHUSDT,2026-02,6.3264,2026-02-03T20:00:00.000Z,-5.8922,2026-02-05T15:00:00.000Z,672
linear,ETHUSDT,2026-03,7.3345,2026-03-23T11:00:00.000Z,-3.7315,2026-03-21T23:00:00.000Z,744
linear,ETHUSDT,2026-04,4.6009,2026-04-13T22:00:00.000Z,-3.3738,2026-04-12T01:00:00.000Z,720
linear,ETHUSDT,2026-05,3.3445,2026-05-23T20:00:00.000Z,-4.4103,2026-05-17T23:00:00.000Z,744
linear,ETHUSDT,2026-06,5.343,2026-06-07T22:00:00.000Z,-6.3577,2026-06-25T13:00:00.000Z,720
linear,ETHUSDT,2026-07,3.8166,2026-07-14T12:00:00.000Z,-2.6092,2026-07-27T22:00:00.000Z,744
linear,ETHUSDT,2026-08,7.498,2026-08-19T15:00:00.000Z,-5.3366,2026-08-22T05:00:00.000Z,744
linear,XRPUSDT,2024-09,9.5362,2024-09-12T12:00:00.000Z,-3.6775,2024-09-04T01:00:00.000Z,720
linear,XRPUSDT,2024-10,4.0731,2024-10-01T18:00:00.000Z,-5.8205,2024-10-02T21:00:00.000Z,744
linear,XRPUSDT,2024-11,12.5588,2024-11-12T08:00:00.000Z,-10.3734,2024-11-16T15:00:00.000Z,720
linear,XRPUSDT,2024-12,11.6896,2024-12-20T12:00:00.000Z,-15.9658,2024-12-03T13:00:00.000Z,744
linear,XRPUSDT,2025-01,5.8411,2025-01-15T15:00:00.000Z,-9.7015,2025-01-20T17:00:00.000Z,744
linear,XRPUSDT,2025-02,9.3489,2025-02-03T15:00:00.000Z,-17.6183,2025-02-03T01:00:00.000Z,672
linear,XRPUSDT,2025-03,21.7094,2025-03-02T15:00:00.000Z,-8.7295,2025-03-07T00:00:00.000Z,744
linear,XRPUSDT,2025-04,11.91,2025-04-09T17:00:00.000Z,-8.5541,2025-04-07T06:00:00.000Z,720
linear,XRPUSDT,2025-05,5.9815,2025-05-12T12:00:00.000Z,-5.2461,2025-05-12T18:00:00.000Z,744
linear,XRPUSDT,2025-06,4.0658,2025-06-30T19:00:00.000Z,-4.5923,2025-06-21T21:00:00.000Z,720
linear,XRPUSDT,2025-07,5.7999,2025-07-17T21:00:00.000Z,-4.1483,2025-07-23T12:00:00.000Z,744
linear,XRPUSDT,2025-08,7.0772,2025-08-22T14:00:00.000Z,-7.4889,2025-08-14T12:00:00.000Z,744
linear,XRPUSDT,2025-09,2.792,2025-09-07T14:00:00.000Z,-6.0058,2025-09-22T06:00:00.000Z,720
linear,XRPUSDT,2025-10,5.8894,2025-10-10T23:00:00.000Z,-53.2105,2025-10-10T21:00:00.000Z,744
linear,XRPUSDT,2025-11,4.454,2025-11-24T17:00:00.000Z,-6.6284,2025-11-21T07:00:00.000Z,720
linear,XRPUSDT,2025-12,3.4905,2025-12-02T15:00:00.000Z,-4.5457,2025-12-01T00:00:00.000Z,744
linear,XRPUSDT,2026-01,4.1907,2026-01-21T19:00:00.000Z,-7.552,2026-01-19T00:00:00.000Z,744
linear,XRPUSDT,2026-02,6.4216,2026-02-05T22:00:00.000Z,-7.975,2026-02-06T00:00:00.000Z,672
linear,XRPUSDT,2026-03,5.3376,2026-03-23T11:00:00.000Z,-3.7346,2026-03-17T03:00:00.000Z,744
linear,XRPUSDT,2026-04,2.7215,2026-04-07T22:00:00.000Z,-2.5883,2026-04-02T01:00:00.000Z,720
linear,XRPUSDT,2026-05,3.6011,2026-05-14T18:00:00.000Z,-3.3573,2026-05-10T20:00:00.000Z,744
linear,XRPUSDT,2026-06,3.6824,2026-06-07T22:00:00.000Z,-5.8741,2026-06-25T13:00:00.000Z,720
linear,XRPUSDT,2026-07,1.9412,2026-07-06T15:00:00.000Z,-2.1108,2026-07-16T17:00:00.000Z,744
linear,XRPUSDT,2026-08,7.1255,2026-08-22T04:00:00.000Z,-17.6039,2026-08-22T05:00:00.000Z,744
linear,SOLUSDT,2024-09,3.7949,2024-09-09T16:00:00.000Z,-4.4476,2024-09-01T22:00:00.000Z,720
linear,SOLUSDT,2024-10,3.5516,2024-10-15T13:00:00.000Z,-4.5354,2024-10-15T14:00:00.000Z,744
linear,SOLUSDT,2024-11,6.5174,2024-11-17T04:00:00.000Z,-4.8049,2024-11-01T15:00:00.000Z,720
linear,SOLUSDT,2024-12,5.4756,2024-12-20T12:00:00.000Z,-8.3758,2024-12-09T21:00:00.000Z,744
linear,SOLUSDT,2025-01,7.5794,2025-01-19T04:00:00.000Z,-9.317,2025-01-19T21:00:00.000Z,744
linear,SOLUSDT,2025-02,6.8167,2025-02-28T14:00:00.000Z,-11.1784,2025-02-03T01:00:00.000Z,672
linear,SOLUSDT,2025-03,16.2959,2025-03-02T15:00:00.000Z,-7.1812,2025-03-03T14:00:00.000Z,744
linear,SOLUSDT,2025-04,10.5341,2025-04-09T17:00:00.000Z,-6.6739,2025-04-07T06:00:00.000Z,720
linear,SOLUSDT,2025-05,4.9522,2025-05-09T10:00:00.000Z,-4.7509,2025-05-23T11:00:00.000Z,744
linear,SOLUSDT,2025-06,5.7311,2025-06-30T15:00:00.000Z,-6.5953,2025-06-13T00:00:00.000Z,720
linear,SOLUSDT,2025-07,2.9906,2025-07-24T14:00:00.000Z,-3.357,2025-07-23T13:00:00.000Z,744
linear,SOLUSDT,2025-08,7.2939,2025-08-22T14:00:00.000Z,-6.9861,2025-08-14T12:00:00.000Z,744
linear,SOLUSDT,2025-09,3.2759,2025-09-02T13:00:00.000Z,-5.5061,2025-09-22T06:00:00.000Z,720
linear,SOLUSDT,2025-10,5.4749,2025-10-12T14:00:00.000Z,-25.4666,2025-10-10T21:00:00.000Z,744
linear,SOLUSDT,2025-11,3.8188,2025-11-17T14:00:00.000Z,-7.1953,2025-11-21T07:00:00.000Z,720
linear,SOLUSDT,2025-12,5.5526,2025-12-02T15:00:00.000Z,-5.0233,2025-12-18T17:00:00.000Z,744
linear,SOLUSDT,2026-01,3.921,2026-01-13T22:00:00.000Z,-6.8094,2026-01-31T18:00:00.000Z,744
linear,SOLUSDT,2026-02,5.6594,2026-02-06T01:00:00.000Z,-14.0358,2026-02-06T00:00:00.000Z,672
linear,SOLUSDT,2026-03,7.0233,2026-03-23T11:00:00.000Z,-4.1053,2026-03-29T22:00:00.000Z,744
linear,SOLUSDT,2026-04,3.0267,2026-04-13T22:00:00.000Z,-3.4068,2026-04-12T01:00:00.000Z,720
linear,SOLUSDT,2026-05,2.6577,2026-05-08T17:00:00.000Z,-3.3848,2026-05-23T07:00:00.000Z,744
linear,SOLUSDT,2026-06,5.189,2026-06-07T22:00:00.000Z,-6.2994,2026-06-25T13:00:00.000Z,720
linear,SOLUSDT,2026-07,3.4617,2026-07-02T10:00:00.000Z,-2.4587,2026-07-27T14:00:00.000Z,744
linear,SOLUSDT,2026-08,6.1912,2026-08-22T04:00:00.000Z,-11.6087,2026-08-22T05:00:00.000Z,744
linear,ZECUSDT,2024-09,7.2666,2024-09-26T14:00:00.000Z,-5.0472,2024-09-01T22:00:00.000Z,720
linear,ZECUSDT,2024-10,7.5901,2024-10-21T06:00:00.000Z,-6.6182,2024-10-01T17:00:00.000Z,744
linear,ZECUSDT,2024-11,12.7909,2024-11-26T23:00:00.000Z,-6.611,2024-11-13T16:00:00.000Z,720
linear,ZECUSDT,2024-12,17.4565,2024-12-20T15:00:00.000Z,-18.4336,2024-12-09T21:00:00.000Z,744
linear,ZECUSDT,2025-01,6.0631,2025-01-20T06:00:00.000Z,-6.3972,2025-01-19T21:00:00.000Z,744
linear,ZECUSDT,2025-02,8.8474,2025-02-03T05:00:00.000Z,-17.8877,2025-02-03T01:00:00.000Z,672
linear,ZECUSDT,2025-03,7.0878,2025-03-02T16:00:00.000Z,-5.4144,2025-03-12T03:00:00.000Z,744
linear,ZECUSDT,2025-04,12.1399,2025-04-09T17:00:00.000Z,-17.5064,2025-04-07T05:00:00.000Z,720
linear,ZECUSDT,2025-05,6.4983,2025-05-25T15:00:00.000Z,-11.4109,2025-05-13T02:00:00.000Z,744
linear,ZECUSDT,2025-06,5.9374,2025-06-01T11:00:00.000Z,-5.6438,2025-06-13T00:00:00.000Z,720
linear,ZECUSDT,2025-07,4.6882,2025-07-09T02:00:00.000Z,-6.9185,2025-07-09T02:00:00.000Z,744
linear,ZECUSDT,2025-08,6.6838,2025-08-22T14:00:00.000Z,-5.9194,2025-08-14T12:00:00.000Z,744
linear,ZECUSDT,2025-09,15.6647,2025-09-30T14:00:00.000Z,-5.5829,2025-09-22T06:00:00.000Z,720
linear,ZECUSDT,2025-10,17.7061,2025-10-10T23:00:00.000Z,-34.1879,2025-10-10T21:00:00.000Z,744
linear,ZECUSDT,2025-11,14.4579,2025-11-08T17:00:00.000Z,-15.2869,2025-11-04T11:00:00.000Z,720
linear,ZECUSDT,2025-12,11.9012,2025-12-02T15:00:00.000Z,-9.6238,2025-12-03T20:00:00.000Z,744
linear,ZECUSDT,2026-01,7.8646,2026-01-08T10:00:00.000Z,-11.0294,2026-01-19T00:00:00.000Z,744
linear,ZECUSDT,2026-02,7.7492,2026-02-14T19:00:00.000Z,-9.866,2026-02-06T00:00:00.000Z,672
linear,ZECUSDT,2026-03,7.2506,2026-03-23T11:00:00.000Z,-5.5956,2026-03-29T22:00:00.000Z,744
linear,ZECUSDT,2026-04,16.2148,2026-04-09T18:00:00.000Z,-6.6345,2026-04-19T17:00:00.000Z,720
linear,ZECUSDT,2026-05,13.8228,2026-05-05T21:00:00.000Z,-5.4741,2026-05-10T20:00:00.000Z,744
linear,ZECUSDT,2026-06,13.6652,2026-06-05T09:00:00.000Z,-21.9002,2026-06-05T07:00:00.000Z,720
linear,ZECUSDT,2026-07,6.1826,2026-07-02T11:00:00.000Z,-5.4105,2026-07-16T08:00:00.000Z,744
linear,ZECUSDT,2026-08,11.237,2026-08-22T01:00:00.000Z,-15.3508,2026-08-22T05:00:00.000Z,744
linear,HYPEUSDT,2024-12,16.6267,2024-12-20T15:00:00.000Z,-11.5079,2024-12-15T03:00:00.000Z,636
linear,HYPEUSDT,2025-01,11.2912,2025-01-23T20:00:00.000Z,-17.9121,2025-01-13T02:00:00.000Z,744
linear,HYPEUSDT,2025-02,10.7709,2025-02-03T14:00:00.000Z,-10.4904,2025-02-25T03:00:00.000Z,672
linear,HYPEUSDT,2025-03,15.3929,2025-03-26T15:00:00.000Z,-17.3718,2025-03-26T13:00:00.000Z,744
linear,HYPEUSDT,2025-04,11.002,2025-04-09T17:00:00.000Z,-6.4109,2025-04-07T06:00:00.000Z,720
linear,HYPEUSDT,2025-05,7.873,2025-05-08T20:00:00.000Z,-4.7439,2025-05-23T11:00:00.000Z,744
linear,HYPEUSDT,2025-06,6.0378,2025-06-10T09:00:00.000Z,-6.1233,2025-06-13T00:00:00.000Z,720
linear,HYPEUSDT,2025-07,3.8366,2025-07-17T21:00:00.000Z,-4.8506,2025-07-29T14:00:00.000Z,744
linear,HYPEUSDT,2025-08,5.9853,2025-08-22T14:00:00.000Z,-6.7583,2025-08-14T12:00:00.000Z,744
linear,HYPEUSDT,2025-09,4.9058,2025-09-24T14:00:00.000Z,-5.3037,2025-09-22T06:00:00.000Z,720
linear,HYPEUSDT,2025-10,9.1609,2025-10-13T06:00:00.000Z,-49.0538,2025-10-10T21:00:00.000Z,744
linear,HYPEUSDT,2025-11,5.7131,2025-11-25T08:00:00.000Z,-8.6398,2025-11-03T15:00:00.000Z,720
linear,HYPEUSDT,2025-12,6.8407,2025-12-17T03:00:00.000Z,-4.8788,2025-12-18T17:00:00.000Z,744
linear,HYPEUSDT,2026-01,7.7163,2026-01-30T18:00:00.000Z,-6.8393,2026-01-19T00:00:00.000Z,744
linear,HYPEUSDT,2026-02,10.7997,2026-02-06T01:00:00.000Z,-5.5202,2026-02-03T21:00:00.000Z,672
linear,HYPEUSDT,2026-03,6.84,2026-03-23T11:00:00.000Z,-4.1037,2026-03-03T08:00:00.000Z,744
linear,HYPEUSDT,2026-04,3.8619,2026-04-08T21:00:00.000Z,-3.8828,2026-04-12T01:00:00.000Z,720
linear,HYPEUSDT,2026-05,5.2149,2026-05-29T15:00:00.000Z,-5.9767,2026-05-15T12:00:00.000Z,744
linear,HYPEUSDT,2026-06,5.3449,2026-06-14T21:00:00.000Z,-7.4597,2026-06-25T13:00:00.000Z,720
linear,HYPEUSDT,2026-07,2.6042,2026-07-01T13:00:00.000Z,-3.9592,2026-07-29T19:00:00.000Z,744
linear,HYPEUSDT,2026-08,16.1016,2026-08-19T19:00:00.000Z,-10.9183,2026-08-22T05:00:00.000Z,744
linear,SOXLUSDT,2026-05,7.509,2026-05-19T13:00:00.000Z,-15.1041,2026-05-27T13:00:00.000Z,303
linear,SOXLUSDT,2026-06,15.7964,2026-06-24T20:00:00.000Z,-16.0398,2026-06-25T13:00:00.000Z,720
linear,SOXLUSDT,2026-07,11.3804,2026-07-08T13:00:00.000Z,-14.7258,2026-07-29T19:00:00.000Z,744
linear,SOXLUSDT,2026-08,8.663,2026-08-03T14:00:00.000Z,-11.1399,2026-08-19T13:00:00.000Z,744
linear,DOGEUSDT,2024-09,6.0008,2024-09-09T16:00:00.000Z,-4.3718,2024-09-01T22:00:00.000Z,720
linear,DOGEUSDT,2024-10,6.1602,2024-10-19T01:00:00.000Z,-6.5397,2024-10-01T17:00:00.000Z,744
linear,DOGEUSDT,2024-11,12.6329,2024-11-06T02:00:00.000Z,-13.068,2024-11-12T10:00:00.000Z,720
linear,DOGEUSDT,2024-12,9.9102,2024-12-20T12:00:00.000Z,-12.0018,2024-12-09T21:00:00.000Z,744
linear,DOGEUSDT,2025-01,16.1549,2025-01-21T11:00:00.000Z,-7.1251,2025-01-20T17:00:00.000Z,744
linear,DOGEUSDT,2025-02,6.6209,2025-02-03T05:00:00.000Z,-14.5148,2025-02-03T01:00:00.000Z,672
linear,DOGEUSDT,2025-03,10.7516,2025-03-02T16:00:00.000Z,-7.3966,2025-03-11T00:00:00.000Z,744
linear,DOGEUSDT,2025-04,8.5119,2025-04-09T17:00:00.000Z,-7.9682,2025-04-07T06:00:00.000Z,720
linear,DOGEUSDT,2025-05,6.0263,2025-05-09T07:00:00.000Z,-6.635,2025-05-30T00:00:00.000Z,744
linear,DOGEUSDT,2025-06,5.1124,2025-06-09T21:00:00.000Z,-5.8404,2025-06-13T00:00:00.000Z,720
linear,DOGEUSDT,2025-07,5.6279,2025-07-20T16:00:00.000Z,-3.8439,2025-07-24T05:00:00.000Z,744
linear,DOGEUSDT,2025-08,8.8752,2025-08-22T14:00:00.000Z,-8.4622,2025-08-14T12:00:00.000Z,744
linear,DOGEUSDT,2025-09,4.6421,2025-09-13T09:00:00.000Z,-5.7641,2025-09-22T06:00:00.000Z,720
linear,DOGEUSDT,2025-10,7.0576,2025-10-12T14:00:00.000Z,-60.8658,2025-10-10T21:00:00.000Z,744
linear,DOGEUSDT,2025-11,3.9363,2025-11-17T14:00:00.000Z,-9.1314,2025-11-03T15:00:00.000Z,720
linear,DOGEUSDT,2025-12,4.3058,2025-12-02T15:00:00.000Z,-5.7223,2025-12-18T17:00:00.000Z,744
linear,DOGEUSDT,2026-01,5.5758,2026-01-01T15:00:00.000Z,-9.6176,2026-01-19T00:00:00.000Z,744
linear,DOGEUSDT,2026-02,4.5008,2026-02-03T15:00:00.000Z,-9.6574,2026-02-06T00:00:00.000Z,672
linear,DOGEUSDT,2026-03,5.9811,2026-03-23T11:00:00.000Z,-3.7573,2026-03-29T22:00:00.000Z,744
linear,DOGEUSDT,2026-04,6.3573,2026-04-29T09:00:00.000Z,-3.2435,2026-04-29T18:00:00.000Z,720
linear,DOGEUSDT,2026-05,3.855,2026-05-04T01:00:00.000Z,-4.2503,2026-05-10T20:00:00.000Z,744
linear,DOGEUSDT,2026-06,6.2902,2026-06-12T14:00:00.000Z,-6.0526,2026-06-25T13:00:00.000Z,720
linear,DOGEUSDT,2026-07,2.0091,2026-07-13T00:00:00.000Z,-2.7495,2026-07-27T14:00:00.000Z,744
linear,DOGEUSDT,2026-08,5.4365,2026-08-22T04:00:00.000Z,-16.5178,2026-08-22T05:00:00.000Z,744
linear,AKEUSDT,2025-09,70.3751,2025-09-26T23:00:00.000Z,-23.0795,2025-09-27T02:00:00.000Z,107
linear,AKEUSDT,2025-10,25.9567,2025-10-15T21:00:00.000Z,-35.3907,2025-10-10T21:00:00.000Z,744
linear,AKEUSDT,2025-11,27.8481,2025-11-18T06:00:00.000Z,-22.0779,2025-11-20T14:00:00.000Z,720
linear,AKEUSDT,2025-12,18.0651,2025-12-02T15:00:00.000Z,-16.9835,2025-12-21T03:00:00.000Z,744
linear,AKEUSDT,2026-01,9.7546,2026-01-06T16:00:00.000Z,-19.0909,2026-01-19T00:00:00.000Z,744
linear,AKEUSDT,2026-02,19.8554,2026-02-25T16:00:00.000Z,-31.6712,2026-02-25T00:00:00.000Z,672
linear,AKEUSDT,2026-03,54.4757,2026-03-07T07:00:00.000Z,-11.9013,2026-03-07T09:00:00.000Z,744
linear,AKEUSDT,2026-04,41.6023,2026-04-16T02:00:00.000Z,-40.5288,2026-04-16T08:00:00.000Z,720
linear,AKEUSDT,2026-05,14.9362,2026-05-10T00:00:00.000Z,-11.6688,2026-05-16T08:00:00.000Z,744
linear,AKEUSDT,2026-06,9.1293,2026-06-28T15:00:00.000Z,-15.7143,2026-06-17T08:00:00.000Z,720
linear,AKEUSDT,2026-07,85.9911,2026-07-27T06:00:00.000Z,-27.305,2026-07-15T15:00:00.000Z,744
linear,AKEUSDT,2026-08,46.9672,2026-08-14T10:00:00.000Z,-40.1528,2026-08-26T19:00:00.000Z,744
linear,LSKUSDT,2024-09,2.9337,2024-09-18T18:00:00.000Z,-3.5326,2024-09-04T01:00:00.000Z,720
linear,LSKUSDT,2024-10,2.5424,2024-10-22T19:00:00.000Z,-7.6825,2024-10-25T23:00:00.000Z,744
linear,LSKUSDT,2024-11,9.3344,2024-11-20T13:00:00.000Z,-6.743,2024-11-12T10:00:00.000Z,720
linear,LSKUSDT,2024-12,6.3029,2024-12-20T12:00:00.000Z,-14.9647,2024-12-09T21:00:00.000Z,744
linear,LSKUSDT,2025-01,12.4663,2025-01-13T00:00:00.000Z,-6.24,2025-01-20T17:00:00.000Z,744
linear,LSKUSDT,2025-02,5.7842,2025-02-03T05:00:00.000Z,-14.1245,2025-02-03T01:00:00.000Z,672
linear,LSKUSDT,2025-03,5.6469,2025-03-02T16:00:00.000Z,-6.7257,2025-03-11T00:00:00.000Z,744
linear,LSKUSDT,2025-04,4.6914,2025-04-09T17:00:00.000Z,-6.3273,2025-04-07T06:00:00.000Z,720
linear,LSKUSDT,2025-05,6.3697,2025-05-03T00:00:00.000Z,-5.1184,2025-05-06T03:00:00.000Z,744
linear,LSKUSDT,2025-06,7.2175,2025-06-20T09:00:00.000Z,-5.9677,2025-06-13T00:00:00.000Z,720
linear,LSKUSDT,2025-07,18.6134,2025-07-12T07:00:00.000Z,-4.9247,2025-07-24T05:00:00.000Z,744
linear,LSKUSDT,2025-08,4.9799,2025-08-22T14:00:00.000Z,-5.3027,2025-08-14T12:00:00.000Z,744
linear,LSKUSDT,2025-09,2.7411,2025-09-25T18:00:00.000Z,-4.982,2025-09-22T06:00:00.000Z,720
linear,LSKUSDT,2025-10,4.9473,2025-10-10T23:00:00.000Z,-35.9035,2025-10-10T21:00:00.000Z,744
linear,LSKUSDT,2025-11,33.6488,2025-11-11T07:00:00.000Z,-15.6627,2025-11-11T09:00:00.000Z,720
linear,LSKUSDT,2025-12,12.2791,2025-12-04T05:00:00.000Z,-9.6552,2025-12-01T04:00:00.000Z,744
linear,LSKUSDT,2026-01,4.1021,2026-01-04T10:00:00.000Z,-16.4056,2026-01-19T00:00:00.000Z,744
linear,LSKUSDT,2026-02,12.6704,2026-02-08T02:00:00.000Z,-8.2605,2026-02-08T03:00:00.000Z,672
linear,LSKUSDT,2026-03,5.8588,2026-03-03T00:00:00.000Z,-3.4931,2026-03-04T00:00:00.000Z,744
linear,LSKUSDT,2026-04,2.1423,2026-04-13T22:00:00.000Z,-3.092,2026-04-12T01:00:00.000Z,720
linear,LSKUSDT,2026-05,4.5289,2026-05-14T15:00:00.000Z,-6.2657,2026-05-23T07:00:00.000Z,744
linear,LSKUSDT,2026-06,7.7228,2026-06-20T15:00:00.000Z,-6.0613,2026-06-25T13:00:00.000Z,720
linear,LSKUSDT,2026-07,8.0159,2026-07-08T20:00:00.000Z,-12.1656,2026-07-24T03:00:00.000Z,744
linear,LSKUSDT,2026-08,21.2938,2026-08-12T12:00:00.000Z,-20.1021,2026-08-12T14:00:00.000Z,744
linear,NEARUSDT,2024-09,7.6453,2024-09-19T00:00:00.000Z,-4.3959,2024-09-01T22:00:00.000Z,720
linear,NEARUSDT,2024-10,4.9623,2024-10-07T01:00:00.000Z,-9.6405,2024-10-25T23:00:00.000Z,744
linear,NEARUSDT,2024-11,6.0403,2024-11-11T02:00:00.000Z,-7.6579,2024-11-12T10:00:00.000Z,720
linear,NEARUSDT,2024-12,6.7181,2024-12-20T12:00:00.000Z,-13.3977,2024-12-09T21:00:00.000Z,744
linear,NEARUSDT,2025-01,6.6574,2025-01-20T06:00:00.000Z,-7.3871,2025-01-20T17:00:00.000Z,744
linear,NEARUSDT,2025-02,7.0128,2025-02-03T03:00:00.000Z,-18.8979,2025-02-03T01:00:00.000Z,672
linear,NEARUSDT,2025-03,7.1516,2025-03-02T16:00:00.000Z,-6.5741,2025-03-04T16:00:00.000Z,744
linear,NEARUSDT,2025-04,10.2167,2025-04-09T17:00:00.000Z,-6.5289,2025-04-07T06:00:00.000Z,720
linear,NEARUSDT,2025-05,4.6251,2025-05-25T22:00:00.000Z,-6.359,2025-05-30T00:00:00.000Z,744
linear,NEARUSDT,2025-06,4.6182,2025-06-29T22:00:00.000Z,-6.4639,2025-06-13T00:00:00.000Z,720
linear,NEARUSDT,2025-07,4.2007,2025-07-24T14:00:00.000Z,-3.431,2025-07-30T19:00:00.000Z,744
linear,NEARUSDT,2025-08,6.6418,2025-08-22T14:00:00.000Z,-6.0554,2025-08-14T12:00:00.000Z,744
linear,NEARUSDT,2025-09,6.0253,2025-09-23T06:00:00.000Z,-5.4596,2025-09-22T06:00:00.000Z,720
linear,NEARUSDT,2025-10,6.3006,2025-10-11T02:00:00.000Z,-47.8261,2025-10-10T21:00:00.000Z,744
linear,NEARUSDT,2025-11,9.5276,2025-11-07T16:00:00.000Z,-9.4742,2025-11-03T15:00:00.000Z,720
linear,NEARUSDT,2025-12,5.8419,2025-12-26T02:00:00.000Z,-5.9346,2025-12-01T00:00:00.000Z,744
linear,NEARUSDT,2026-01,4.0382,2026-01-21T19:00:00.000Z,-11.8045,2026-01-19T00:00:00.000Z,744
linear,NEARUSDT,2026-02,5.6523,2026-02-03T19:00:00.000Z,-14.0381,2026-02-06T00:00:00.000Z,672
linear,NEARUSDT,2026-03,6.7661,2026-03-02T14:00:00.000Z,-3.8511,2026-03-29T22:00:00.000Z,744
linear,NEARUSDT,2026-04,3.6458,2026-04-07T21:00:00.000Z,-3.861,2026-04-17T10:00:00.000Z,720
linear,NEARUSDT,2026-05,7.1803,2026-05-26T10:00:00.000Z,-5.6285,2026-05-29T21:00:00.000Z,744
linear,NEARUSDT,2026-06,5.6201,2026-06-07T22:00:00.000Z,-6.1176,2026-06-06T04:00:00.000Z,720
linear,NEARUSDT,2026-07,5.3798,2026-07-09T12:00:00.000Z,-3.8496,2026-07-16T22:00:00.000Z,744
linear,NEARUSDT,2026-08,4.3879,2026-08-21T07:00:00.000Z,-24.718,2026-08-22T05:00:00.000Z,744
linear,CLUSDT,2026-03,2.4145,2026-03-25T12:00:00.000Z,-5.9979,2026-03-24T20:00:00.000Z,184
linear,CLUSDT,2026-04,6.619,2026-04-02T01:00:00.000Z,-10.5287,2026-04-07T22:00:00.000Z,720
linear,CLUSDT,2026-05,4.5153,2026-05-04T10:00:00.000Z,-5.5213,2026-05-23T20:00:00.000Z,744
linear,CLUSDT,2026-06,4.9794,2026-06-01T13:00:00.000Z,-5.1958,2026-06-14T21:00:00.000Z,720
linear,CLUSDT,2026-07,3.9069,2026-07-08T08:00:00.000Z,-3.9409,2026-07-25T13:00:00.000Z,744
linear,CLUSDT,2026-08,2.4627,2026-08-03T07:00:00.000Z,-5.2052,2026-08-04T11:00:00.000Z,744
linear,ARBUSDT,2024-09,3.8427,2024-09-19T16:00:00.000Z,-4.429,2024-09-04T01:00:00.000Z,720
linear,ARBUSDT,2024-10,3.6043,2024-10-14T03:00:00.000Z,-9.2687,2024-10-25T23:00:00.000Z,744
linear,ARBUSDT,2024-11,10.946,2024-11-21T13:00:00.000Z,-7.6947,2024-11-12T10:00:00.000Z,720
linear,ARBUSDT,2024-12,7.1642,2024-12-20T12:00:00.000Z,-16.596,2024-12-09T21:00:00.000Z,744
linear,ARBUSDT,2025-01,5.6099,2025-01-20T06:00:00.000Z,-7.3251,2025-01-20T17:00:00.000Z,744
linear,ARBUSDT,2025-02,6.9082,2025-02-03T03:00:00.000Z,-19.8382,2025-02-03T01:00:00.000Z,672
linear,ARBUSDT,2025-03,9.4187,2025-03-02T16:00:00.000Z,-8.06,2025-03-11T00:00:00.000Z,744
linear,ARBUSDT,2025-04,7.2767,2025-04-09T17:00:00.000Z,-8.8235,2025-04-07T06:00:00.000Z,720
linear,ARBUSDT,2025-05,8.4206,2025-05-10T22:00:00.000Z,-7.1952,2025-05-30T00:00:00.000Z,744
linear,ARBUSDT,2025-06,6.4044,2025-06-29T21:00:00.000Z,-6.6995,2025-06-13T00:00:00.000Z,720
linear,ARBUSDT,2025-07,4.3064,2025-07-22T10:00:00.000Z,-4.4807,2025-07-18T15:00:00.000Z,744
linear,ARBUSDT,2025-08,10.5952,2025-08-22T14:00:00.000Z,-8.3877,2025-08-14T12:00:00.000Z,744
linear,ARBUSDT,2025-09,4.1536,2025-09-02T13:00:00.000Z,-7.6701,2025-09-22T06:00:00.000Z,720
linear,ARBUSDT,2025-10,10.5244,2025-10-10T23:00:00.000Z,-71.4955,2025-10-10T21:00:00.000Z,744
linear,ARBUSDT,2025-11,5.3195,2025-11-07T16:00:00.000Z,-13.5681,2025-11-21T07:00:00.000Z,720
linear,ARBUSDT,2025-12,6.8418,2025-12-02T15:00:00.000Z,-6.8508,2025-12-18T17:00:00.000Z,744
linear,ARBUSDT,2026-01,4.6759,2026-01-13T22:00:00.000Z,-10.237,2026-01-19T00:00:00.000Z,744
linear,ARBUSDT,2026-02,5.3741,2026-02-03T19:00:00.000Z,-12.4129,2026-02-06T00:00:00.000Z,672
linear,ARBUSDT,2026-03,5.4701,2026-03-23T11:00:00.000Z,-4.5809,2026-03-29T22:00:00.000Z,744
linear,ARBUSDT,2026-04,3.9491,2026-04-16T15:00:00.000Z,-4.3627,2026-04-29T18:00:00.000Z,720
linear,ARBUSDT,2026-05,4.4052,2026-05-08T17:00:00.000Z,-4.8712,2026-05-17T23:00:00.000Z,744
linear,ARBUSDT,2026-06,7.8444,2026-06-11T03:00:00.000Z,-7.5871,2026-06-25T13:00:00.000Z,720
linear,ARBUSDT,2026-07,4.9808,2026-07-09T17:00:00.000Z,-3.4839,2026-07-11T23:00:00.000Z,744
linear,ARBUSDT,2026-08,7.7072,2026-08-31T17:00:00.000Z,-15.5437,2026-08-22T05:00:00.000Z,744
linear,XAUUSDT,2026-03,4.4395,2026-03-23T11:00:00.000Z,-3.2761,2026-03-23T06:00:00.000Z,550
linear,XAUUSDT,2026-04,2.2456,2026-04-07T22:00:00.000Z,-2.7383,2026-04-02T01:00:00.000Z,720
linear,XAUUSDT,2026-05,1.1562,2026-05-20T14:00:00.000Z,-1.5862,2026-05-19T13:00:00.000Z,744
linear,XAUUSDT,2026-06,2.1494,2026-06-11T17:00:00.000Z,-2.4768,2026-06-17T18:00:00.000Z,720
linear,XAUUSDT,2026-07,2.0576,2026-07-01T13:00:00.000Z,-1.6405,2026-07-08T08:00:00.000Z,744
linear,XAUUSDT,2026-08,2.1055,2026-08-12T12:00:00.000Z,-1.5913,2026-08-28T14:00:00.000Z,744
linear,ENAUSDT,2024-09,10.8179,2024-09-26T11:00:00.000Z,-7.1966,2024-09-26T12:00:00.000Z,720
linear,ENAUSDT,2024-10,14.4495,2024-10-11T15:00:00.000Z,-11.8872,2024-10-25T23:00:00.000Z,744
linear,ENAUSDT,2024-11,14.9027,2024-11-13T14:00:00.000Z,-8.2287,2024-11-18T18:00:00.000Z,720
linear,ENAUSDT,2024-12,10.4741,2024-12-14T21:00:00.000Z,-10.3281,2024-12-09T21:00:00.000Z,744
linear,ENAUSDT,2025-01,8.8028,2025-01-20T06:00:00.000Z,-8.9704,2025-01-20T17:00:00.000Z,744
linear,ENAUSDT,2025-02,9.8147,2025-02-03T02:00:00.000Z,-13.5756,2025-02-03T01:00:00.000Z,672
linear,ENAUSDT,2025-03,9.7946,2025-03-02T16:00:00.000Z,-6.67,2025-03-11T14:00:00.000Z,744
linear,ENAUSDT,2025-04,11.1379,2025-04-09T17:00:00.000Z,-7.9365,2025-04-07T06:00:00.000Z,720
linear,ENAUSDT,2025-05,12.0091,2025-05-13T16:00:00.000Z,-7.5817,2025-05-30T16:00:00.000Z,744
linear,ENAUSDT,2025-06,7.5328,2025-06-10T11:00:00.000Z,-7.0441,2025-06-13T00:00:00.000Z,720
linear,ENAUSDT,2025-07,14.8735,2025-07-11T04:00:00.000Z,-6.6286,2025-07-30T15:00:00.000Z,744
linear,ENAUSDT,2025-08,11.9403,2025-08-22T14:00:00.000Z,-6.9349,2025-08-14T12:00:00.000Z,744
linear,ENAUSDT,2025-09,8.8631,2025-09-09T07:00:00.000Z,-8.4214,2025-09-22T06:00:00.000Z,720
linear,ENAUSDT,2025-10,8.2947,2025-10-12T14:00:00.000Z,-73.3118,2025-10-10T21:00:00.000Z,744
linear,ENAUSDT,2025-11,5.6762,2025-11-16T23:00:00.000Z,-11.5966,2025-11-21T07:00:00.000Z,720
linear,ENAUSDT,2025-12,7.7204,2025-12-02T15:00:00.000Z,-6.3515,2025-12-18T17:00:00.000Z,744
linear,ENAUSDT,2026-01,6.7455,2026-01-13T22:00:00.000Z,-13.5651,2026-01-19T00:00:00.000Z,744
linear,ENAUSDT,2026-02,5.8996,2026-02-26T09:00:00.000Z,-12.624,2026-02-06T00:00:00.000Z,672
linear,ENAUSDT,2026-03,8.2693,2026-03-28T15:00:00.000Z,-5.5086,2026-03-29T22:00:00.000Z,744
linear,ENAUSDT,2026-04,5.9197,2026-04-16T15:00:00.000Z,-5.4335,2026-04-12T01:00:00.000Z,720
linear,ENAUSDT,2026-05,4.7257,2026-05-23T20:00:00.000Z,-6.7865,2026-05-10T20:00:00.000Z,744
linear,ENAUSDT,2026-06,12.7562,2026-06-02T16:00:00.000Z,-8.1022,2026-06-05T18:00:00.000Z,720
linear,ENAUSDT,2026-07,4.5188,2026-07-26T22:00:00.000Z,-4.0958,2026-07-27T14:00:00.000Z,744
linear,ENAUSDT,2026-08,10.5808,2026-08-28T01:00:00.000Z,-16.4334,2026-08-22T05:00:00.000Z,744
linear,ADAUSDT,2024-09,2.7526,2024-09-18T18:00:00.000Z,-3.4548,2024-09-04T01:00:00.000Z,720
linear,ADAUSDT,2024-10,3.4833,2024-10-14T03:00:00.000Z,-7.4852,2024-10-25T23:00:00.000Z,744
linear,ADAUSDT,2024-11,13.7765,2024-11-23T00:00:00.000Z,-7.3284,2024-11-12T10:00:00.000Z,720
linear,ADAUSDT,2024-12,9.4738,2024-12-20T12:00:00.000Z,-14.5129,2024-12-09T21:00:00.000Z,744
linear,ADAUSDT,2025-01,7.0235,2025-01-15T13:00:00.000Z,-7.7874,2025-01-20T17:00:00.000Z,744
linear,ADAUSDT,2025-02,8.3016,2025-02-03T05:00:00.000Z,-22.0071,2025-02-03T01:00:00.000Z,672
linear,ADAUSDT,2025-03,38.7361,2025-03-02T15:00:00.000Z,-9.9823,2025-03-07T00:00:00.000Z,744
linear,ADAUSDT,2025-04,10.0829,2025-04-09T17:00:00.000Z,-6.8236,2025-04-07T06:00:00.000Z,720
linear,ADAUSDT,2025-05,3.542,2025-05-12T12:00:00.000Z,-5.4732,2025-05-30T00:00:00.000Z,744
linear,ADAUSDT,2025-06,4.3316,2025-06-29T22:00:00.000Z,-5.8699,2025-06-13T00:00:00.000Z,720
linear,ADAUSDT,2025-07,4.2341,2025-07-18T00:00:00.000Z,-4.3342,2025-07-23T12:00:00.000Z,744
linear,ADAUSDT,2025-08,9.3246,2025-08-22T14:00:00.000Z,-8.188,2025-08-14T12:00:00.000Z,744
linear,ADAUSDT,2025-09,4.6746,2025-09-01T07:00:00.000Z,-6.4203,2025-09-22T06:00:00.000Z,720
linear,ADAUSDT,2025-10,7.033,2025-10-10T23:00:00.000Z,-62.2188,2025-10-10T21:00:00.000Z,744
linear,ADAUSDT,2025-11,4.8171,2025-11-07T16:00:00.000Z,-9.1192,2025-11-03T15:00:00.000Z,720
linear,ADAUSDT,2025-12,5.8722,2025-12-02T15:00:00.000Z,-6.3784,2025-12-01T00:00:00.000Z,744
linear,ADAUSDT,2026-01,4.7914,2026-01-02T16:00:00.000Z,-9.057,2026-01-19T00:00:00.000Z,744
linear,ADAUSDT,2026-02,4.9982,2026-02-03T19:00:00.000Z,-10.1183,2026-02-06T00:00:00.000Z,672
linear,ADAUSDT,2026-03,5.7177,2026-03-23T11:00:00.000Z,-3.8493,2026-03-29T22:00:00.000Z,744
linear,ADAUSDT,2026-04,3.6715,2026-04-07T22:00:00.000Z,-3.6014,2026-04-02T01:00:00.000Z,720
linear,ADAUSDT,2026-05,2.9101,2026-05-06T08:00:00.000Z,-4.1144,2026-05-10T20:00:00.000Z,744
linear,ADAUSDT,2026-06,6.5657,2026-06-05T04:00:00.000Z,-6.8197,2026-06-25T13:00:00.000Z,720
linear,ADAUSDT,2026-07,4.2368,2026-07-04T15:00:00.000Z,-3.8977,2026-07-27T14:00:00.000Z,744
linear,ADAUSDT,2026-08,6.1116,2026-08-22T04:00:00.000Z,-19.4018,2026-08-22T05:00:00.000Z,744
linear,SUIUSDT,2024-09,8.4138,2024-09-18T18:00:00.000Z,-5.7434,2024-09-26T23:00:00.000Z,720
linear,SUIUSDT,2024-10,8.0367,2024-10-07T14:00:00.000Z,-11.2964,2024-10-25T23:00:00.000Z,744
linear,SUIUSDT,2024-11,10.4721,2024-11-09T22:00:00.000Z,-5.8855,2024-11-24T12:00:00.000Z,720
linear,SUIUSDT,2024-12,11.5484,2024-12-20T13:00:00.000Z,-13.3325,2024-12-09T21:00:00.000Z,744
linear,SUIUSDT,2025-01,7.4968,2025-01-15T13:00:00.000Z,-7.5082,2025-01-20T17:00:00.000Z,744
linear,SUIUSDT,2025-02,12.3304,2025-02-03T15:00:00.000Z,-21.8199,2025-02-03T01:00:00.000Z,672
linear,SUIUSDT,2025-03,12.2585,2025-03-06T14:00:00.000Z,-6.3991,2025-03-07T00:00:00.000Z,744
linear,SUIUSDT,2025-04,13.6313,2025-04-09T17:00:00.000Z,-7.8101,2025-04-07T06:00:00.000Z,720
linear,SUIUSDT,2025-05,5.8471,2025-05-06T22:00:00.000Z,-5.9012,2025-05-23T11:00:00.000Z,744
linear,SUIUSDT,2025-06,5.711,2025-06-23T22:00:00.000Z,-7.8859,2025-06-13T00:00:00.000Z,720
linear,SUIUSDT,2025-07,5.1058,2025-07-14T00:00:00.000Z,-4.6981,2025-07-23T13:00:00.000Z,744
linear,SUIUSDT,2025-08,8.0331,2025-08-22T14:00:00.000Z,-6.9968,2025-08-14T12:00:00.000Z,744
linear,SUIUSDT,2025-09,3.6612,2025-09-09T06:00:00.000Z,-5.5071,2025-09-22T06:00:00.000Z,720
linear,SUIUSDT,2025-10,9.0244,2025-10-11T02:00:00.000Z,-81.7567,2025-10-10T21:00:00.000Z,744
linear,SUIUSDT,2025-11,6.4236,2025-11-25T23:00:00.000Z,-10.7403,2025-11-21T07:00:00.000Z,720
linear,SUIUSDT,2025-12,10.1179,2025-12-02T15:00:00.000Z,-7.7216,2025-12-01T00:00:00.000Z,744
linear,SUIUSDT,2026-01,5.7039,2026-01-13T22:00:00.000Z,-10.8561,2026-01-19T00:00:00.000Z,744
linear,SUIUSDT,2026-02,5.6305,2026-02-03T19:00:00.000Z,-10.7345,2026-02-06T00:00:00.000Z,672
linear,SUIUSDT,2026-03,7.1729,2026-03-23T11:00:00.000Z,-4.9139,2026-03-28T23:00:00.000Z,744
linear,SUIUSDT,2026-04,4.3031,2026-04-07T22:00:00.000Z,-3.7309,2026-04-12T01:00:00.000Z,720
linear,SUIUSDT,2026-05,7.1235,2026-05-10T15:00:00.000Z,-6.069,2026-05-31T14:00:00.000Z,744
linear,SUIUSDT,2026-06,5.63,2026-06-07T22:00:00.000Z,-6.0185,2026-06-25T13:00:00.000Z,720
linear,SUIUSDT,2026-07,2.7401,2026-07-10T10:00:00.000Z,-3.34,2026-07-27T22:00:00.000Z,744
linear,SUIUSDT,2026-08,6.0294,2026-08-22T02:00:00.000Z,-18.6335,2026-08-22T05:00:00.000Z,744
linear,PONSUSDT,2026-08,18.3421,2026-08-31T11:00:00.000Z,-10.5248,2026-08-31T10:00:00.000Z,15
linear,1000PEPEUSDT,2024-09,6.5793,2024-09-27T06:00:00.000Z,-5.4553,2024-09-01T22:00:00.000Z,720
linear,1000PEPEUSDT,2024-10,6.4818,2024-10-18T01:00:00.000Z,-9.121,2024-10-25T23:00:00.000Z,744
linear,1000PEPEUSDT,2024-11,35.4224,2024-11-13T13:00:00.000Z,-14.5981,2024-11-13T19:00:00.000Z,720
linear,1000PEPEUSDT,2024-12,9.6944,2024-12-07T19:00:00.000Z,-9.9751,2024-12-09T21:00:00.000Z,744
linear,1000PEPEUSDT,2025-01,8.4097,2025-01-20T06:00:00.000Z,-8.2957,2025-01-19T11:00:00.000Z,744
linear,1000PEPEUSDT,2025-02,6.5843,2025-02-03T05:00:00.000Z,-15.6981,2025-02-03T01:00:00.000Z,672
linear,1000PEPEUSDT,2025-03,7.6052,2025-03-02T16:00:00.000Z,-8.0176,2025-03-04T16:00:00.000Z,744
linear,1000PEPEUSDT,2025-04,8.4767,2025-04-09T17:00:00.000Z,-8.2972,2025-04-07T06:00:00.000Z,720
linear,1000PEPEUSDT,2025-05,17.2596,2025-05-09T08:00:00.000Z,-10.354,2025-05-21T17:00:00.000Z,744
linear,1000PEPEUSDT,2025-06,7.3141,2025-06-29T22:00:00.000Z,-8.5319,2025-06-13T00:00:00.000Z,720
linear,1000PEPEUSDT,2025-07,5.7456,2025-07-09T19:00:00.000Z,-4.5303,2025-07-15T18:00:00.000Z,744
linear,1000PEPEUSDT,2025-08,8.1263,2025-08-22T14:00:00.000Z,-6.7259,2025-08-14T12:00:00.000Z,744
linear,1000PEPEUSDT,2025-09,6.5947,2025-09-12T17:00:00.000Z,-5.6674,2025-09-22T06:00:00.000Z,720
linear,1000PEPEUSDT,2025-10,7.8111,2025-10-10T23:00:00.000Z,-66.7612,2025-10-10T21:00:00.000Z,744
linear,1000PEPEUSDT,2025-11,4.1727,2025-11-17T14:00:00.000Z,-10.4675,2025-11-21T07:00:00.000Z,720
linear,1000PEPEUSDT,2025-12,7.3459,2025-12-02T15:00:00.000Z,-6.7208,2025-12-18T17:00:00.000Z,744
linear,1000PEPEUSDT,2026-01,13.3653,2026-01-02T12:00:00.000Z,-11.1152,2026-01-19T00:00:00.000Z,744
linear,1000PEPEUSDT,2026-02,5.637,2026-02-06T05:00:00.000Z,-9.6002,2026-02-06T00:00:00.000Z,672
linear,1000PEPEUSDT,2026-03,6.2481,2026-03-23T11:00:00.000Z,-4.4699,2026-03-29T22:00:00.000Z,744
linear,1000PEPEUSDT,2026-04,5.2561,2026-04-16T02:00:00.000Z,-3.8958,2026-04-29T12:00:00.000Z,720
linear,1000PEPEUSDT,2026-05,5.1847,2026-05-10T17:00:00.000Z,-5.0201,2026-05-17T23:00:00.000Z,744
linear,1000PEPEUSDT,2026-06,5.7101,2026-06-07T22:00:00.000Z,-7.0679,2026-06-25T13:00:00.000Z,720
linear,1000PEPEUSDT,2026-07,4.9186,2026-07-03T21:00:00.000Z,-3.8627,2026-07-01T06:00:00.000Z,744
linear,1000PEPEUSDT,2026-08,7.8761,2026-08-20T08:00:00.000Z,-17.1291,2026-08-22T05:00:00.000Z,744
linear,UNIUSDT,2024-09,5.5643,2024-09-02T08:00:00.000Z,-4.9201,2024-09-04T15:00:00.000Z,720
linear,UNIUSDT,2024-10,10.3818,2024-10-22T06:00:00.000Z,-7.7271,2024-10-25T23:00:00.000Z,744
linear,UNIUSDT,2024-11,17.4083,2024-11-12T02:00:00.000Z,-6.8091,2024-11-12T10:00:00.000Z,720
linear,UNIUSDT,2024-12,11.5355,2024-12-02T12:00:00.000Z,-14.283,2024-12-09T21:00:00.000Z,744
linear,UNIUSDT,2025-01,5.6494,2025-01-20T07:00:00.000Z,-6.9071,2025-01-20T17:00:00.000Z,744
linear,UNIUSDT,2025-02,9.5535,2025-02-25T18:00:00.000Z,-18.6808,2025-02-03T01:00:00.000Z,672
linear,UNIUSDT,2025-03,9.51,2025-03-02T16:00:00.000Z,-6.896,2025-03-11T00:00:00.000Z,744
linear,UNIUSDT,2025-04,8.3131,2025-04-09T17:00:00.000Z,-7.615,2025-04-07T06:00:00.000Z,720
linear,UNIUSDT,2025-05,8.7223,2025-05-08T15:00:00.000Z,-6.6056,2025-05-23T11:00:00.000Z,744
linear,UNIUSDT,2025-06,10.833,2025-06-10T11:00:00.000Z,-7.9947,2025-06-13T00:00:00.000Z,720
linear,UNIUSDT,2025-07,10.9206,2025-07-21T13:00:00.000Z,-4.4594,2025-07-18T14:00:00.000Z,744
linear,UNIUSDT,2025-08,10.2917,2025-08-11T16:00:00.000Z,-6.9311,2025-08-14T12:00:00.000Z,744
linear,UNIUSDT,2025-09,3.3258,2025-09-02T13:00:00.000Z,-11.3671,2025-09-22T06:00:00.000Z,720
linear,UNIUSDT,2025-10,8.4548,2025-10-11T02:00:00.000Z,-70.3443,2025-10-10T21:00:00.000Z,744
linear,UNIUSDT,2025-11,16.9801,2025-11-10T21:00:00.000Z,-9.154,2025-11-21T07:00:00.000Z,720
linear,UNIUSDT,2025-12,7.8328,2025-12-18T08:00:00.000Z,-6.8931,2025-12-01T00:00:00.000Z,744
linear,UNIUSDT,2026-01,5.5838,2026-01-05T22:00:00.000Z,-9.9175,2026-01-19T00:00:00.000Z,744
linear,UNIUSDT,2026-02,34.1586,2026-02-11T14:00:00.000Z,-10.2718,2026-02-06T00:00:00.000Z,672
linear,UNIUSDT,2026-03,5.7184,2026-03-23T11:00:00.000Z,-4.335,2026-03-29T22:00:00.000Z,744
linear,UNIUSDT,2026-04,3.4593,2026-04-13T22:00:00.000Z,-6.988,2026-04-02T13:00:00.000Z,720
linear,UNIUSDT,2026-05,6.9693,2026-05-10T05:00:00.000Z,-5.0621,2026-05-27T23:00:00.000Z,744
linear,UNIUSDT,2026-06,5.036,2026-06-07T22:00:00.000Z,-8.7018,2026-06-17T11:00:00.000Z,720
linear,UNIUSDT,2026-07,5.3541,2026-07-02T11:00:00.000Z,-4.9894,2026-07-08T08:00:00.000Z,744
linear,UNIUSDT,2026-08,6.7277,2026-08-23T13:00:00.000Z,-16.0823,2026-08-22T05:00:00.000Z,744
linear,SNDKUSDT,2026-04,4.3659,2026-04-29T13:00:00.000Z,-8.2485,2026-04-30T20:00:00.000Z,64
linear,SNDKUSDT,2026-05,8.5478,2026-05-01T13:00:00.000Z,-6.4849,2026-05-18T13:00:00.000Z,744
linear,SNDKUSDT,2026-06,12.6482,2026-06-24T20:00:00.000Z,-8.797,2026-06-29T13:00:00.000Z,720
linear,SNDKUSDT,2026-07,12.4005,2026-07-30T13:00:00.000Z,-10.4955,2026-07-27T13:00:00.000Z,744
linear,SNDKUSDT,2026-08,12.337,2026-08-13T15:00:00.000Z,-7.8362,2026-08-19T13:00:00.000Z,744
linear,POWERUSDT,2025-12,12.2382,2025-12-29T11:00:00.000Z,-7.4713,2025-12-29T14:00:00.000Z,62
linear,POWERUSDT,2026-01,8.7841,2026-01-02T20:00:00.000Z,-19.7773,2026-01-19T00:00:00.000Z,744
linear,POWERUSDT,2026-02,110.2795,2026-02-26T08:00:00.000Z,-34.259,2026-02-13T17:00:00.000Z,672
linear,POWERUSDT,2026-03,33.3008,2026-03-02T19:00:00.000Z,-53.7878,2026-03-03T14:00:00.000Z,744
linear,POWERUSDT,2026-04,11.1074,2026-04-17T08:00:00.000Z,-22.9558,2026-04-17T08:00:00.000Z,720
linear,POWERUSDT,2026-05,7.1053,2026-05-29T15:00:00.000Z,-6.2301,2026-05-26T17:00:00.000Z,744
linear,POWERUSDT,2026-06,8.9714,2026-06-08T15:00:00.000Z,-12.376,2026-06-25T13:00:00.000Z,720
linear,POWERUSDT,2026-07,13.7512,2026-07-09T00:00:00.000Z,-24.8346,2026-07-08T20:00:00.000Z,744
linear,POWERUSDT,2026-08,13.6695,2026-08-08T10:00:00.000Z,-20.4348,2026-08-22T05:00:00.000Z,744
linear,BNBUSDT,2024-09,2.7127,2024-09-04T14:00:00.000Z,-2.805,2024-09-04T01:00:00.000Z,720
linear,BNBUSDT,2024-10,1.9212,2024-10-14T03:00:00.000Z,-3.3618,2024-10-01T17:00:00.000Z,744
linear,BNBUSDT,2024-11,5.912,2024-11-14T07:00:00.000Z,-4.1402,2024-11-12T00:00:00.000Z,720
linear,BNBUSDT,2024-12,4.8595,2024-12-20T12:00:00.000Z,-11.5558,2024-12-09T21:00:00.000Z,744
linear,BNBUSDT,2025-01,2.3854,2025-01-20T06:00:00.000Z,-3.1243,2025-01-20T17:00:00.000Z,744
linear,BNBUSDT,2025-02,4.2168,2025-02-13T13:00:00.000Z,-13.604,2025-02-03T01:00:00.000Z,672
linear,BNBUSDT,2025-03,6.1981,2025-03-13T13:00:00.000Z,-4.6238,2025-03-11T00:00:00.000Z,744
linear,BNBUSDT,2025-04,2.9651,2025-04-09T17:00:00.000Z,-4.8372,2025-04-07T06:00:00.000Z,720
linear,BNBUSDT,2025-05,4.1473,2025-05-09T23:00:00.000Z,-2.2337,2025-05-12T14:00:00.000Z,744
linear,BNBUSDT,2025-06,1.5815,2025-06-23T22:00:00.000Z,-2.9663,2025-06-05T20:00:00.000Z,720
linear,BNBUSDT,2025-07,2.4448,2025-07-27T15:00:00.000Z,-2.6263,2025-07-23T13:00:00.000Z,744
linear,BNBUSDT,2025-08,2.9284,2025-08-22T14:00:00.000Z,-3.4327,2025-08-14T12:00:00.000Z,744
linear,BNBUSDT,2025-09,3.5172,2025-09-17T22:00:00.000Z,-3.1205,2025-09-25T17:00:00.000Z,720
linear,BNBUSDT,2025-10,6.8854,2025-10-23T15:00:00.000Z,-27.8149,2025-10-10T21:00:00.000Z,744
linear,BNBUSDT,2025-11,3.4102,2025-11-05T02:00:00.000Z,-6.3223,2025-11-03T15:00:00.000Z,720
linear,BNBUSDT,2025-12,2.7128,2025-12-09T15:00:00.000Z,-4.678,2025-12-01T00:00:00.000Z,744
linear,BNBUSDT,2026-01,2.0969,2026-01-13T18:00:00.000Z,-4.1613,2026-01-31T18:00:00.000Z,744
linear,BNBUSDT,2026-02,3.5323,2026-02-06T05:00:00.000Z,-6.2993,2026-02-06T00:00:00.000Z,672
linear,BNBUSDT,2026-03,3.8793,2026-03-23T11:00:00.000Z,-2.4238,2026-03-29T22:00:00.000Z,744
linear,BNBUSDT,2026-04,1.6587,2026-04-16T18:00:00.000Z,-2.737,2026-04-12T01:00:00.000Z,720
linear,BNBUSDT,2026-05,2.3038,2026-05-30T16:00:00.000Z,-2.5679,2026-05-31T07:00:00.000Z,744
linear,BNBUSDT,2026-06,5.9037,2026-06-01T09:00:00.000Z,-4.0163,2026-06-25T13:00:00.000Z,720
linear,BNBUSDT,2026-07,1.6996,2026-07-05T12:00:00.000Z,-1.5848,2026-07-27T14:00:00.000Z,744
linear,BNBUSDT,2026-08,3.925,2026-08-22T02:00:00.000Z,-5.8783,2026-08-22T05:00:00.000Z,744
linear,XLMUSDT,2024-09,3.3139,2024-09-12T12:00:00.000Z,-2.4895,2024-09-04T01:00:00.000Z,720
linear,XLMUSDT,2024-10,1.9957,2024-10-23T19:00:00.000Z,-4.2088,2024-10-01T17:00:00.000Z,744
linear,XLMUSDT,2024-11,20.6877,2024-11-23T00:00:00.000Z,-12.5348,2024-11-16T15:00:00.000Z,720
linear,XLMUSDT,2024-12,10.5938,2024-12-20T12:00:00.000Z,-17.9608,2024-12-09T21:00:00.000Z,744
linear,XLMUSDT,2025-01,8.5638,2025-01-15T01:00:00.000Z,-7.1097,2025-01-20T17:00:00.000Z,744
linear,XLMUSDT,2025-02,8.1693,2025-02-03T03:00:00.000Z,-17.3806,2025-02-03T01:00:00.000Z,672
linear,XLMUSDT,2025-03,11.9981,2025-03-02T16:00:00.000Z,-6.2373,2025-03-11T00:00:00.000Z,744
linear,XLMUSDT,2025-04,9.2671,2025-04-09T17:00:00.000Z,-5.5809,2025-04-07T03:00:00.000Z,720
linear,XLMUSDT,2025-05,5.5196,2025-05-12T12:00:00.000Z,-4.0356,2025-05-30T00:00:00.000Z,744
linear,XLMUSDT,2025-06,3.124,2025-06-23T22:00:00.000Z,-4.0099,2025-06-13T00:00:00.000Z,720
linear,XLMUSDT,2025-07,13.6953,2025-07-11T15:00:00.000Z,-5.5294,2025-07-23T13:00:00.000Z,744
linear,XLMUSDT,2025-08,6.6471,2025-08-22T14:00:00.000Z,-7.6218,2025-08-14T12:00:00.000Z,744
linear,XLMUSDT,2025-09,2.6644,2025-09-02T13:00:00.000Z,-5.191,2025-09-22T06:00:00.000Z,720
linear,XLMUSDT,2025-10,6.7036,2025-10-10T22:00:00.000Z,-53.6537,2025-10-10T21:00:00.000Z,744
linear,XLMUSDT,2025-11,4.0857,2025-11-13T03:00:00.000Z,-7.5485,2025-11-03T15:00:00.000Z,720
linear,XLMUSDT,2025-12,3.7787,2025-12-02T15:00:00.000Z,-5.042,2025-12-01T00:00:00.000Z,744
linear,XLMUSDT,2026-01,3.8145,2026-01-05T20:00:00.000Z,-7.0917,2026-01-19T00:00:00.000Z,744
linear,XLMUSDT,2026-02,5.1146,2026-02-03T19:00:00.000Z,-7.4195,2026-02-06T00:00:00.000Z,672
linear,XLMUSDT,2026-03,4.9853,2026-03-23T11:00:00.000Z,-3.3221,2026-03-17T03:00:00.000Z,744
linear,XLMUSDT,2026-04,2.9043,2026-04-16T15:00:00.000Z,-2.8324,2026-04-02T01:00:00.000Z,720
linear,XLMUSDT,2026-05,13.2409,2026-05-29T19:00:00.000Z,-10.2626,2026-05-30T04:00:00.000Z,744
linear,XLMUSDT,2026-06,7.8724,2026-06-15T15:00:00.000Z,-5.2684,2026-06-18T17:00:00.000Z,720
linear,XLMUSDT,2026-07,3.8017,2026-07-01T02:00:00.000Z,-3.495,2026-07-27T14:00:00.000Z,744
linear,XLMUSDT,2026-08,4.5285,2026-08-19T15:00:00.000Z,-16.1731,2026-08-22T05:00:00.000Z,744
linear,AAPLUSDT,2026-04,5.3179,2026-04-30T21:00:00.000Z,-1.4656,2026-04-30T20:00:00.000Z,63
linear,AAPLUSDT,2026-05,1.5836,2026-05-01T13:00:00.000Z,-1.4708,2026-05-15T06:00:00.000Z,744
linear,AAPLUSDT,2026-06,2.2224,2026-06-23T13:00:00.000Z,-4.6455,2026-06-25T13:00:00.000Z,720
linear,AAPLUSDT,2026-07,3.2863,2026-07-02T13:00:00.000Z,-4.7516,2026-07-30T20:00:00.000Z,744
linear,AAPLUSDT,2026-08,2.0095,2026-08-19T13:00:00.000Z,-1.9573,2026-08-05T11:00:00.000Z,744
linear,LINKUSDT,2024-09,3.0911,2024-09-18T18:00:00.000Z,-3.7299,2024-09-01T22:00:00.000Z,720
linear,LINKUSDT,2024-10,3.5741,2024-10-14T03:00:00.000Z,-5.9911,2024-10-25T23:00:00.000Z,744
linear,LINKUSDT,2024-11,5.5548,2024-11-18T16:00:00.000Z,-5.916,2024-11-12T10:00:00.000Z,720
linear,LINKUSDT,2024-12,9.8729,2024-12-02T09:00:00.000Z,-14.3291,2024-12-09T21:00:00.000Z,744
linear,LINKUSDT,2025-01,9.6103,2025-01-19T14:00:00.000Z,-9.1134,2025-01-20T17:00:00.000Z,744
linear,LINKUSDT,2025-02,7.164,2025-02-03T15:00:00.000Z,-16.1984,2025-02-03T01:00:00.000Z,672
linear,LINKUSDT,2025-03,10.8229,2025-03-02T16:00:00.000Z,-6.8196,2025-03-07T00:00:00.000Z,744
linear,LINKUSDT,2025-04,9.5523,2025-04-09T17:00:00.000Z,-7.6867,2025-04-07T06:00:00.000Z,720
linear,LINKUSDT,2025-05,3.8911,2025-05-12T07:00:00.000Z,-5.8546,2025-05-30T00:00:00.000Z,744
linear,LINKUSDT,2025-06,4.4631,2025-06-23T22:00:00.000Z,-6.0997,2025-06-13T00:00:00.000Z,720
linear,LINKUSDT,2025-07,3.7993,2025-07-24T14:00:00.000Z,-3.7775,2025-07-23T13:00:00.000Z,744
linear,LINKUSDT,2025-08,8.3576,2025-08-22T14:00:00.000Z,-8.2195,2025-08-14T12:00:00.000Z,744
linear,LINKUSDT,2025-09,3.5372,2025-09-02T13:00:00.000Z,-7.1498,2025-09-22T06:00:00.000Z,720
linear,LINKUSDT,2025-10,9.5373,2025-10-10T23:00:00.000Z,-60.8883,2025-10-10T21:00:00.000Z,744
linear,LINKUSDT,2025-11,4.0303,2025-11-17T14:00:00.000Z,-11.3422,2025-11-03T15:00:00.000Z,720
linear,LINKUSDT,2025-12,5.6544,2025-12-02T15:00:00.000Z,-5.5637,2025-12-01T00:00:00.000Z,744
linear,LINKUSDT,2026-01,4.2042,2026-01-21T19:00:00.000Z,-7.3024,2026-01-19T00:00:00.000Z,744
linear,LINKUSDT,2026-02,4.742,2026-02-03T19:00:00.000Z,-9.6599,2026-02-06T00:00:00.000Z,672
linear,LINKUSDT,2026-03,6.8786,2026-03-23T11:00:00.000Z,-3.5045,2026-03-21T23:00:00.000Z,744
linear,LINKUSDT,2026-04,3.968,2026-04-13T22:00:00.000Z,-3.5794,2026-04-02T01:00:00.000Z,720
linear,LINKUSDT,2026-05,3.777,2026-05-23T20:00:00.000Z,-3.862,2026-05-17T23:00:00.000Z,744
linear,LINKUSDT,2026-06,4.8793,2026-06-07T22:00:00.000Z,-5.9645,2026-06-25T13:00:00.000Z,720
linear,LINKUSDT,2026-07,2.6668,2026-07-14T12:00:00.000Z,-2.818,2026-07-27T14:00:00.000Z,744
linear,LINKUSDT,2026-08,8.1229,2026-08-21T07:00:00.000Z,-14.2253,2026-08-22T05:00:00.000Z,744
linear,SKHYUSDT,2026-07,11.3722,2026-07-28T23:00:00.000Z,-13.0576,2026-07-28T22:00:00.000Z,502
linear,SKHYUSDT,2026-08,7.2336,2026-08-19T06:00:00.000Z,-5.8019,2026-08-07T13:00:00.000Z,744
linear,PUMPFUNUSDT,2025-07,21.5936,2025-07-26T15:00:00.000Z,-17.5175,2025-07-12T14:00:00.000Z,523
linear,PUMPFUNUSDT,2025-08,8.3333,2025-08-28T22:00:00.000Z,-7.7724,2025-08-02T18:00:00.000Z,744
linear,PUMPFUNUSDT,2025-09,9.5088,2025-09-14T16:00:00.000Z,-10.9508,2025-09-22T06:00:00.000Z,720
linear,PUMPFUNUSDT,2025-10,9.6732,2025-10-11T02:00:00.000Z,-69.5341,2025-10-10T21:00:00.000Z,744
linear,PUMPFUNUSDT,2025-11,9.5432,2025-11-07T14:00:00.000Z,-14.8494,2025-11-21T07:00:00.000Z,720
linear,PUMPFUNUSDT,2025-12,8.2699,2025-12-06T14:00:00.000Z,-8.5569,2025-12-01T00:00:00.000Z,744
linear,PUMPFUNUSDT,2026-01,12.9928,2026-01-09T17:00:00.000Z,-13.1894,2026-01-19T00:00:00.000Z,744
linear,PUMPFUNUSDT,2026-02,7.9859,2026-02-03T19:00:00.000Z,-14.3701,2026-02-06T00:00:00.000Z,672
linear,PUMPFUNUSDT,2026-03,7.3225,2026-03-23T11:00:00.000Z,-5.9761,2026-03-29T22:00:00.000Z,744
linear,PUMPFUNUSDT,2026-04,12.1491,2026-04-28T21:00:00.000Z,-4.3186,2026-04-12T01:00:00.000Z,720
linear,PUMPFUNUSDT,2026-05,7.2626,2026-05-07T05:00:00.000Z,-5.6885,2026-05-17T23:00:00.000Z,744
linear,PUMPFUNUSDT,2026-06,7.6008,2026-06-28T07:00:00.000Z,-8.4954,2026-06-25T13:00:00.000Z,720
linear,PUMPFUNUSDT,2026-07,8.8136,2026-07-15T01:00:00.000Z,-7.0594,2026-07-14T18:00:00.000Z,744
linear,PUMPFUNUSDT,2026-08,10.4244,2026-08-22T06:00:00.000Z,-18.9251,2026-08-22T05:00:00.000Z,744
linear,TAOUSDT,2024-09,8.5132,2024-09-23T03:00:00.000Z,-5.7241,2024-09-24T12:00:00.000Z,720
linear,TAOUSDT,2024-10,6.6816,2024-10-06T23:00:00.000Z,-8.045,2024-10-25T23:00:00.000Z,744
linear,TAOUSDT,2024-11,6.7784,2024-11-11T17:00:00.000Z,-9.7937,2024-11-12T10:00:00.000Z,720
linear,TAOUSDT,2024-12,6.8562,2024-12-20T12:00:00.000Z,-21.3582,2024-12-09T21:00:00.000Z,744
linear,TAOUSDT,2025-01,9.8431,2025-01-27T14:00:00.000Z,-6.5702,2025-01-20T17:00:00.000Z,744
linear,TAOUSDT,2025-02,10.5352,2025-02-03T05:00:00.000Z,-23.7448,2025-02-03T01:00:00.000Z,672
linear,TAOUSDT,2025-03,8.9229,2025-03-02T16:00:00.000Z,-6.5975,2025-03-10T17:00:00.000Z,744
linear,TAOUSDT,2025-04,8.0093,2025-04-09T17:00:00.000Z,-7.7826,2025-04-07T06:00:00.000Z,720
linear,TAOUSDT,2025-05,7.2679,2025-05-31T04:00:00.000Z,-4.9425,2025-05-30T00:00:00.000Z,744
linear,TAOUSDT,2025-06,6.255,2025-06-23T22:00:00.000Z,-7.2045,2025-06-13T00:00:00.000Z,720
linear,TAOUSDT,2025-07,5.5326,2025-07-14T04:00:00.000Z,-3.8864,2025-07-22T04:00:00.000Z,744
linear,TAOUSDT,2025-08,9.0787,2025-08-26T06:00:00.000Z,-6.5653,2025-08-14T12:00:00.000Z,744
linear,TAOUSDT,2025-09,3.0613,2025-09-25T18:00:00.000Z,-6.4015,2025-09-22T06:00:00.000Z,720
linear,TAOUSDT,2025-10,13.4442,2025-10-12T15:00:00.000Z,-65.3941,2025-10-10T21:00:00.000Z,744
linear,TAOUSDT,2025-11,7.6635,2025-11-07T18:00:00.000Z,-10.3537,2025-11-21T07:00:00.000Z,720
linear,TAOUSDT,2025-12,4.5289,2025-12-02T15:00:00.000Z,-6.8653,2025-12-01T00:00:00.000Z,744
linear,TAOUSDT,2026-01,7.0546,2026-01-08T15:00:00.000Z,-14.0303,2026-01-19T00:00:00.000Z,744
linear,TAOUSDT,2026-02,15.0479,2026-02-16T05:00:00.000Z,-11.3223,2026-02-06T00:00:00.000Z,672
linear,TAOUSDT,2026-03,6.1173,2026-03-23T11:00:00.000Z,-6.8807,2026-03-13T15:00:00.000Z,744
linear,TAOUSDT,2026-04,4.8522,2026-04-01T14:00:00.000Z,-10.0316,2026-04-09T23:00:00.000Z,720
linear,TAOUSDT,2026-05,4.8124,2026-05-10T13:00:00.000Z,-4.8756,2026-05-10T20:00:00.000Z,744
linear,TAOUSDT,2026-06,7.4679,2026-06-13T07:00:00.000Z,-7.5258,2026-06-15T08:00:00.000Z,720
linear,TAOUSDT,2026-07,3.0567,2026-07-09T22:00:00.000Z,-2.7769,2026-07-15T02:00:00.000Z,744
linear,TAOUSDT,2026-08,7.1875,2026-08-22T02:00:00.000Z,-16.8201,2026-08-22T05:00:00.000Z,744
linear,ONDOUSDT,2024-09,5.2995,2024-09-23T01:00:00.000Z,-4.1858,2024-09-06T20:00:00.000Z,720
linear,ONDOUSDT,2024-10,7.5626,2024-10-18T16:00:00.000Z,-10.488,2024-10-25T23:00:00.000Z,744
linear,ONDOUSDT,2024-11,9.7468,2024-11-11T00:00:00.000Z,-6.1437,2024-11-13T19:00:00.000Z,720
linear,ONDOUSDT,2024-12,11.8659,2024-12-15T22:00:00.000Z,-15.8724,2024-12-09T21:00:00.000Z,744
linear,ONDOUSDT,2025-01,13.4978,2025-01-18T00:00:00.000Z,-13.1235,2025-01-18T12:00:00.000Z,744
linear,ONDOUSDT,2025-02,10.1457,2025-02-03T15:00:00.000Z,-18.75,2025-02-03T01:00:00.000Z,672
linear,ONDOUSDT,2025-03,11.1133,2025-03-02T16:00:00.000Z,-7.2802,2025-03-07T00:00:00.000Z,744
linear,ONDOUSDT,2025-04,15.6994,2025-04-09T17:00:00.000Z,-6.8501,2025-04-07T06:00:00.000Z,720
linear,ONDOUSDT,2025-05,13.0833,2025-05-14T13:00:00.000Z,-6.4835,2025-05-30T00:00:00.000Z,744
linear,ONDOUSDT,2025-06,8.1653,2025-06-23T22:00:00.000Z,-6.5306,2025-06-13T00:00:00.000Z,720
linear,ONDOUSDT,2025-07,8.7303,2025-07-17T12:00:00.000Z,-4.7302,2025-07-23T13:00:00.000Z,744
linear,ONDOUSDT,2025-08,8.0243,2025-08-22T14:00:00.000Z,-6.7662,2025-08-14T12:00:00.000Z,744
linear,ONDOUSDT,2025-09,6.0382,2025-09-10T01:00:00.000Z,-5.4704,2025-09-22T06:00:00.000Z,720
linear,ONDOUSDT,2025-10,9.7761,2025-10-10T22:00:00.000Z,-68.432,2025-10-10T21:00:00.000Z,744
linear,ONDOUSDT,2025-11,4.1601,2025-11-07T16:00:00.000Z,-8.9162,2025-11-21T07:00:00.000Z,720
linear,ONDOUSDT,2025-12,8.1724,2025-12-08T12:00:00.000Z,-6.5978,2025-12-01T00:00:00.000Z,744
linear,ONDOUSDT,2026-01,5.2187,2026-01-21T19:00:00.000Z,-9.8111,2026-01-19T00:00:00.000Z,744
linear,ONDOUSDT,2026-02,5.7334,2026-02-03T19:00:00.000Z,-10.4093,2026-02-06T00:00:00.000Z,672
linear,ONDOUSDT,2026-03,5.8992,2026-03-23T11:00:00.000Z,-3.431,2026-03-21T23:00:00.000Z,744
linear,ONDOUSDT,2026-04,3.1046,2026-04-07T22:00:00.000Z,-3.8799,2026-04-02T01:00:00.000Z,720
linear,ONDOUSDT,2026-05,8.8503,2026-05-18T21:00:00.000Z,-9.1388,2026-05-22T18:00:00.000Z,744
linear,ONDOUSDT,2026-06,8.3288,2026-06-02T17:00:00.000Z,-6.086,2026-06-05T15:00:00.000Z,720
linear,ONDOUSDT,2026-07,7.8514,2026-07-15T20:00:00.000Z,-7.5795,2026-07-18T09:00:00.000Z,744
linear,ONDOUSDT,2026-08,4.0203,2026-08-19T15:00:00.000Z,-30.7692,2026-08-22T05:00:00.000Z,744